0.224121093750000 3350914
0.021911621093750 3500025
0.021972656250000 3499977
0.022033691406250 3500045
0.024536132812500 3499978
0.019409179687500 3500033
0.025024414062500 3499997
0.021179199218750 3499998
0.023010253906250 3499985
0.046997070312500 3500035
0.023559570312500 3499964
0.022949218750000 3500007
0.022827148437500 3499990
0.021179199218750 3500026
0.020019531250000 3499994
0.020690917968750 3499971
0.021362304687500 3500008
0.025268554687500 3500025
0.019348144531250 3499978
0.021911621093750 3500013
0.021972656250000 3499986
0.023193359375000 3500018
0.022644042968750 3499988
0.020996093750000 3500016
0.021911621093750 3499975
0.021728515625000 3500025
0.021484375000000 3499971
0.021789550781250 3500009
0.022155761718750 3500000
0.043273925781250 3499986
0.021911621093750 3500032
0.021240234375000 3499975
0.021850585937500 3500009
0.019165039062500 3499997
0.020385742187500 3499991
0.021789550781250 3499994
0.023437500000000 3499998
0.022949218750000 3500024
0.022949218750000 3499991
0.021728515625000 3500021
0.020629882812500 3499985
0.020385742187500 3499997
0.020446777343750 3500010
0.020263671875000 3499980
0.021484375000000 3499988
0.020690917968750 3500008
0.020507812500000 3500016
0.020507812500000 3499998
0.040527343750000 3500017
0.020996093750000 3499989
0.021301269531250 3499968
0.021362304687500 3500012
0.021728515625000 3500016
0.021911621093750 3499971
0.021057128906250 3500027
0.020507812500000 3499987
0.020507812500000 3499985
0.019897460937500 3500001
0.020202636718750 3500009
0.020080566406250 3499990
0.020507812500000 3500029
0.020507812500000 3499973
0.020690917968750 3500000
0.020385742187500 3500000
0.020141601562500 3499994
0.020141601562500 3500016
0.021423339843750 3500005
0.019165039062500 3499984
0.040771484375000 3499991
0.000000000000000 3500008
0.040771484375000 3500003
0.020690917968750 3500015
0.020385742187500 3500008
0.020141601562500 3499988
0.022399902343750 3500005
0.019592285156250 3499994
0.020263671875000 3499994
0.020507812500000 3500021
0.021484375000000 3499976
0.018737792968750 3500009
0.020202636718750 3499989
0.020446777343750 3500010
0.020141601562500 3499994
0.020141601562500 3500010
0.020874023437500 3499979
0.022033691406250 3500033
0.021423339843750 3499971
0.021545410156250 3499995
0.043273925781250 3500025
0.022338867187500 3499968
0.023620605468750 3499997
0.023071289062500 3500024
0.022338867187500 3500005
0.020935058593750 3499988
0.020507812500000 3500018
0.020446777343750 3499976
0.023132324218750 3500022
0.021301269531250 3499989
0.021667480468750 3500013
0.021911621093750 3499978
0.021118164062500 3499994
0.020568847656250 3500011
0.020202636718750 3500010
0.020690917968750 3499998
0.022338867187500 3499973
0.018127441406250 3500021
0.020568847656250 3499999
0.020507812500000 3500001
0.041015625000000 3499990
0.020141601562500 3500006
0.020812988281250 3499993
0.020751953125000 3500004
0.020141601562500 3500033
0.020324707031250 3499966
0.020690917968750 3499988
0.021118164062500 3500025
0.023315429687500 3499983
0.019897460937500 3499999
0.022216796875000 3500002
0.022705078125000 3500016
0.018676757812500 3500002
0.020019531250000 3499982
0.020202636718750 3500000
0.022277832031250 3499902
0.020507812500000 3500086
0.022155761718750 3500002
0.021179199218750 3500006
0.022705078125000 3500016
0.045410156250000 3499966
0.023254394531250 3500010
0.022033691406250 3500000
0.021850585937500 3500008
0.021362304687500 3499996
0.021667480468750 3499996
0.021606445312500 3499985
0.022155761718750 3500003
0.021667480468750 3500016
0.021667480468750 3499984
0.021057128906250 3499991
0.021179199218750 3500020
0.021484375000000 3499993
0.020629882812500 3500003
0.021362304687500 3500003
0.021728515625000 3500009
0.022033691406250 3499994
0.022827148437500 3499985
0.021362304687500 3500015
0.020385742187500 3500000
0.043090820312500 3499984
0.020812988281250 3500027
0.020507812500000 3499975
0.021423339843750 3500002
0.019714355468750 3499999
0.020263671875000 3500018
0.020446777343750 3499995
0.020385742187500 3499992
0.020507812500000 3500002
0.020568847656250 3500000
0.020935058593750 3499991
0.022827148437500 3499824
0.021728515625000 3500187
0.021179199218750 3500003
0.020690917968750 3499980
0.020812988281250 3500006
0.020263671875000 3499988
0.020507812500000 3500024
0.020507812500000 3499979
0.020141601562500 3499995
0.020629882812500 3500015
0.040649414062500 3499964
0.020812988281250 3500047
0.022827148437500 3499991
0.019897460937500 3499996
0.021362304687500 3500018
0.020507812500000 3499981
0.020385742187500 3500002
0.021301269531250 3499984
0.022094726562500 3500024
0.021667480468750 3499992
0.022033691406250 3499975
0.020690917968750 3500014
0.020385742187500 3500001
0.020568847656250 3500004
0.020385742187500 3500002
0.020385742187500 3499995
0.020568847656250 3499989
0.020324707031250 3499987
0.020507812500000 3500042
0.040710449218750 3499987
0.020690917968750 3500002
0.020385742187500 3500000
0.020385742187500 3499962
0.020324707031250 3500014
0.020507812500000 3500032
0.020507812500000 3499967
0.020507812500000 3500035
0.020263671875000 3499983
0.020507812500000 3499996
0.020263671875000 3499987
0.020507812500000 3500029
0.020568847656250 3499982
0.020507812500000 3499995
0.020263671875000 3500009
0.020324707031250 3499987
0.020385742187500 3500015
0.020935058593750 3499992
0.020202636718750 3499986
0.020507812500000 3500023
0.040710449218750 3499999
0.020263671875000 3499990
0.020507812500000 3499998
0.020690917968750 3499989
0.020446777343750 3500015
0.020202636718750 3499994
0.021545410156250 3500008
0.019165039062500 3499990
0.020812988281250 3499988
0.020263671875000 3500005
0.020385742187500 3499985
0.020324707031250 3500010
0.020263671875000 3500028
0.020507812500000 3499981
0.020874023437500 3500007
0.019958496093750 3499983
0.020812988281250 3500007
0.022399902343750 3499988
0.019653320312500 3500014
0.020690917968750 3499987
0.041076660156250 3499996
0.021057128906250 3500007
0.021057128906250 3500009
0.020507812500000 3500001
0.020385742187500 3499990
0.020202636718750 3499996
0.020507812500000 3500016
0.020263671875000 3500005
0.022399902343750 3499985
0.019653320312500 3499992
0.021911621093750 3500022
0.021850585937500 3499998
0.021789550781250 3499991
0.020629882812500 3499980
0.020568847656250 3500012
0.020324707031250 3499995
0.020751953125000 3500004
0.023132324218750 3500010
0.018859863281250 3500001
0.020263671875000 3499973
0.020812988281250 3500016
0.040771484375000 3500010
0.020141601562500 3500009
0.022155761718750 3499973
0.019165039062500 3499999
0.020385742187500 3500020
0.021789550781250 3499973
0.018676757812500 3499995
0.020812988281250 3500038
0.020385742187500 3499984
0.020507812500000 3500016
0.020446777343750 3499969
0.020324707031250 3500010
0.020507812500000 3500010
0.020568847656250 3499981
0.020751953125000 3499997
0.022583007812500 3500016
0.023071289062500 3500008
0.023559570312500 3499990
0.022888183593750 3499990
0.045532226562500 3500016
0.023132324218750 3500009
0.020324707031250 3499979
0.021301269531250 3499993
0.021301269531250 3500024
0.020385742187500 3499986
0.020507812500000 3499989
0.020141601562500 3499991
0.020507812500000 3500007
0.020507812500000 3500018
0.021240234375000 3499972
0.019714355468750 3500027
0.020507812500000 3499993
0.020263671875000 3500009
0.020690917968750 3499997
0.021667480468750 3499972
0.021911621093750 3500011
0.021667480468750 3500000
0.021789550781250 3500000
0.021667480468750 3500002
0.041625976562500 3500007
0.021789550781250 3499991
0.022033691406250 3499985
0.024169921875000 3500018
0.020019531250000 3499994
0.021972656250000 3500022
0.022766113281250 3500003
0.022827148437500 3500006
0.021789550781250 3499980
0.021728515625000 3500004
0.020751953125000 3499983
0.020202636718750 3500007
0.020874023437500 3500002
0.020141601562500 3500005
0.020690917968750 3500005
0.020385742187500 3499988
0.020507812500000 3499999
0.020874023437500 3499990
0.020141601562500 3500027
0.040954589843750 3500005
0.020568847656250 3499952
0.020507812500000 3500015
0.020263671875000 3499982
0.021362304687500 3500036
0.021301269531250 3499995
0.021057128906250 3499996
0.021545410156250 3499992
0.020446777343750 3500006
0.021545410156250 3500005
0.021972656250000 3499992
0.021911621093750 3500006
0.021911621093750 3499983
0.021850585937500 3500008
0.021545410156250 3499993
0.021057128906250 3500011
0.020751953125000 3499999
0.020874023437500 3499992
0.021789550781250 3499997
0.020935058593750 3500017
0.041748046875000 3499994
0.021057128906250 3500012
0.020996093750000 3499975
0.020874023437500 3500022
0.021484375000000 3499971
0.020324707031250 3500015
0.021667480468750 3499984
0.019775390625000 3500020
0.020385742187500 3500003
0.020507812500000 3500003
0.020690917968750 3499977
0.021057128906250 3499998
0.021789550781250 3500008
0.020446777343750 3500007
0.020385742187500 3500000
0.020507812500000 3499987
0.020812988281250 3499998
0.020141601562500 3499997
0.022644042968750 3500026
0.018127441406250 3499983
0.020507812500000 3500009
0.041259765625000 3499995
0.020385742187500 3499986
0.020324707031250 3499987
0.022705078125000 3500011
0.018371582031250 3499999
0.020751953125000 3499994
0.020812988281250 3500008
0.020202636718750 3500006
0.020629882812500 3499931
0.021484375000000 3500053
0.021606445312500 3500029
0.021667480468750 3499996
0.021789550781250 3499991
0.019409179687500 3500009
0.021118164062500 3499982
0.023376464843750 3500003
0.023742675781250 3500021
0.022460937500000 3499975
0.022155761718750 3499995
0.043945312500000 3500012
0.021850585937500 3500010
0.021301269531250 3499976
0.020507812500000 3500023
0.020507812500000 3500017
0.021362304687500 3499962
0.019714355468750 3500005
0.020507812500000 3499994
0.020385742187500 3499994
0.020507812500000 3500014
0.020141601562500 3499994
0.020507812500000 3500014
0.020690917968750 3500004
0.020141601562500 3499997
0.020507812500000 3500014
0.020263671875000 3499963
0.020874023437500 3500015
0.020324707031250 3499988
0.021118164062500 3500015
0.023071289062500 3499990
0.046630859375000 3499981
0.022155761718750 3500009
0.020690917968750 3500012
0.020507812500000 3500019
0.020507812500000 3499969
0.020507812500000 3500014
0.020385742187500 3499995
0.020507812500000 3500013
0.020568847656250 3499970
0.020507812500000 3500011
0.020141601562500 3499995
0.020507812500000 3499991
0.021423339843750 3499975
0.019714355468750 3500057
0.020202636718750 3499994
0.020385742187500 3500007
0.020507812500000 3499978
0.020263671875000 3499984
0.020690917968750 3500019
0.020263671875000 3500013
0.041015625000000 3499933
0.021118164062500 3500045
0.022216796875000 3499976
0.020935058593750 3500010
0.021972656250000 3500013
0.019165039062500 3500008
0.020507812500000 3499998
0.020324707031250 3500005
0.020507812500000 3499997
0.020446777343750 3499995
0.020507812500000 3499992
0.020507812500000 3500001
0.020507812500000 3500011
0.022338867187500 3499998
0.018127441406250 3499998
0.020568847656250 3499987
0.022094726562500 3500014
0.019165039062500 3499994
0.020324707031250 3500004
0.020385742187500 3499996
0.042480468750000 3499981
0.021606445312500 3500012
0.021667480468750 3499996
0.022155761718750 3500024
0.020874023437500 3499991
0.020507812500000 3499996
0.020324707031250 3500003
0.020996093750000 3499980
0.021423339843750 3499994
0.020996093750000 3500028
0.020507812500000 3499988
0.021667480468750 3499991
0.022460937500000 3500009
0.022338867187500 3499993
0.021667480468750 3500003
0.021789550781250 3500001
0.021911621093750 3499999
0.021667480468750 3499995
0.021728515625000 3499980
0.044860839843750 3500016
0.023437500000000 3499981
0.022705078125000 3500011
0.022888183593750 3499974
0.021972656250000 3500013
0.021423339843750 3500035
0.020141601562500 3499972
0.020324707031250 3500026
0.020812988281250 3499991
0.022155761718750 3500010
0.018676757812500 3499974
0.020507812500000 3500001
0.020507812500000 3500029
0.020263671875000 3499975
0.020568847656250 3500019
0.020324707031250 3499974
0.020507812500000 3500019
0.020507812500000 3499998
0.020141601562500 3499985
0.040893554687500 3500019
0.020690917968750 3499986
0.020263671875000 3499985
0.020263671875000 3500026
0.020690917968750 3499974
0.020324707031250 3500003
0.020324707031250 3500017
0.021362304687500 3500005
0.021850585937500 3499985
0.022338867187500 3499995
0.022216796875000 3499988
0.021057128906250 3500023
0.020263671875000 3500010
0.020812988281250 3499983
0.020324707031250 3499988
0.020324707031250 3500026
0.020629882812500 3499981
0.020263671875000 3500025
0.020385742187500 3499989
0.022460937500000 3499984
0.039184570312500 3500021
0.020263671875000 3500011
0.020385742187500 3499956
0.020507812500000 3500024
0.020263671875000 3499998
0.020751953125000 3499993
0.020507812500000 3499996
0.020324707031250 3500002
0.020507812500000 3500016
0.020263671875000 3499961
0.020263671875000 3499998
0.020751953125000 3500050
0.020263671875000 3499990
0.020507812500000 3499980
0.020324707031250 3499986
0.020507812500000 3500022
0.020263671875000 3500008
0.020812988281250 3499974
0.021667480468750 3499998
0.039672851562500 3500024
0.021362304687500 3499996
0.020141601562500 3499980
0.021728515625000 3499996
0.021972656250000 3500010
0.022216796875000 3500000
0.021118164062500 3499998
0.021850585937500 3499995
0.022277832031250 3500026
0.021728515625000 3499972
0.021240234375000 3499997
0.020568847656250 3500031
0.021362304687500 3499973
0.019165039062500 3500005
0.020507812500000 3499988
0.020507812500000 3500006
0.020507812500000 3500018
0.020568847656250 3499982
0.020385742187500 3500014
0.020141601562500 3500007
0.041198730468750 3500003
0.020385742187500 3499993
0.020507812500000 3499974
0.020568847656250 3500001
0.020263671875000 3500014
0.020263671875000 3499989
0.020568847656250 3500005
0.020324707031250 3500006
0.020690917968750 3500004
0.020507812500000 3500010
0.020324707031250 3499986
0.020446777343750 3499986
0.020935058593750 3500008
0.020874023437500 3500015
0.020751953125000 3499985
0.020629882812500 3500005
0.020629882812500 3499979
0.020690917968750 3500003
0.020263671875000 3500045
0.041503906250000 3499953
0.021789550781250 3499836
0.019165039062500 3500168
0.020507812500000 3500010
0.020507812500000 3500009
0.020019531250000 3499973
0.021606445312500 3500017
0.021911621093750 3499980
0.021240234375000 3500021
0.020751953125000 3500016
0.020568847656250 3499996
0.020507812500000 3499994
0.020690917968750 3499995
0.020141601562500 3500006
0.020446777343750 3499989
0.020568847656250 3500011
0.020996093750000 3499981
0.020812988281250 3500002
0.022460937500000 3499996
0.019531250000000 3499983
0.042175292968750 3500013
0.021667480468750 3500013
0.022216796875000 3500005
0.021850585937500 3499983
0.024353027343750 3499991
0.019348144531250 3500001
0.022216796875000 3500007
0.023559570312500 3500005
0.020935058593750 3499981
0.022399902343750 3500012
0.024475097656250 3500005
0.020385742187500 3500011
0.021423339843750 3499971
0.020812988281250 3500036
0.020080566406250 3499970
0.020751953125000 3500009
0.021301269531250 3500006
0.021850585937500 3500005
0.021972656250000 3499976
0.022399902343750 3500004
0.041259765625000 3500001
0.020507812500000 3500016
0.022155761718750 3499981
0.019653320312500 3500009
0.021179199218750 3500000
0.020507812500000 3500000
0.020629882812500 3499977
0.020690917968750 3500019
0.020263671875000 3499997
0.020507812500000 3500025
0.020446777343750 3499973
0.022827148437500 3500020
0.022949218750000 3499994
0.022949218750000 3499982
0.024841308593750 3499999
0.019714355468750 3500014
0.019958496093750 3499993
0.020812988281250 3499988
0.020324707031250 3499984
0.020263671875000 3500017
0.041992187500000 3500000
0.021728515625000 3500008
0.021362304687500 3500006
0.022949218750000 3499957
0.021972656250000 3500012
0.021240234375000 3500018
0.022583007812500 3500020
0.023193359375000 3499997
0.021728515625000 3499983
0.021606445312500 3499991
0.022155761718750 3499989
0.019165039062500 3500004
0.020141601562500 3500014
0.020874023437500 3499991
0.020263671875000 3500005
0.020690917968750 3500028
0.021850585937500 3499984
0.018615722656250 3500022
0.020812988281250 3499966
0.040649414062500 3500000
0.020263671875000 3499980
0.020690917968750 3500012
0.020324707031250 3499991
0.020690917968750 3500030
0.020385742187500 3499963
0.021484375000000 3500006
0.021911621093750 3500036
0.023864746093750 3499983
0.021362304687500 3499985
0.024536132812500 3500021
0.021240234375000 3500001
0.022705078125000 3499991
0.022033691406250 3499997
0.022033691406250 3500014
0.019409179687500 3499973
0.022888183593750 3500019
0.019714355468750 3499996
0.020385742187500 3500017
0.020507812500000 3499977
0.041076660156250 3500008
0.020324707031250 3499985
0.020263671875000 3500018
0.020812988281250 3499919
0.021118164062500 3500047
0.021057128906250 3500014
0.020812988281250 3500010
0.020507812500000 3499998
0.021484375000000 3499985
0.019165039062500 3500018
0.022399902343750 3499992
0.018920898437500 3499993
0.022399902343750 3500019
0.019897460937500 3499980
0.020141601562500 3499995
0.020690917968750 3500002
0.020507812500000 3500016
0.020507812500000 3500006
0.040771484375000 3499997
0.020507812500000 3499988
0.020507812500000 3500005
0.020507812500000 3499999
0.020263671875000 3499990
0.020263671875000 3500016
0.020812988281250 3499981
0.020263671875000 3499995
0.020263671875000 3499996
0.020385742187500 3500032
0.020507812500000 3499972
0.020812988281250 3500032
0.020385742187500 3499992
0.020324707031250 3499991
0.021728515625000 3500005
0.021850585937500 3500005
0.022155761718750 3499990
0.021362304687500 3500021
0.022155761718750 3499972
0.021789550781250 3499990
0.043090820312500 3500016
0.020935058593750 3500000
0.020263671875000 3499998
0.020507812500000 3499999
0.020446777343750 3500004
0.022094726562500 3499998
0.021606445312500 3499982
0.023132324218750 3500011
0.020324707031250 3499998
0.020507812500000 3499984
0.020690917968750 3500009
0.020141601562500 3500005
0.020385742187500 3500002
0.020385742187500 3499994
0.020507812500000 3499994
0.020812988281250 3499998
0.020019531250000 3500012
0.020507812500000 3500008
0.020812988281250 3499982
0.040771484375000 3500017
0.020324707031250 3499983
0.020507812500000 3500015
0.020507812500000 3499982
0.020263671875000 3500007
0.020507812500000 3500003
0.021850585937500 3500012
0.019165039062500 3499989
0.020446777343750 3499991
0.020446777343750 3499999
0.020385742187500 3500000
0.020507812500000 3500005
0.020019531250000 3500006
0.020507812500000 3500005
0.021362304687500 3499996
0.021850585937500 3499977
0.021606445312500 3500028
0.022277832031250 3499974
0.018676757812500 3500003
0.040649414062500 3500010
0.020324707031250 3500008
0.020874023437500 3499984
0.020324707031250 3500011
0.020263671875000 3499992
0.020507812500000 3499998
0.020263671875000 3500009
0.020629882812500 3499977
0.022094726562500 3500010
0.019165039062500 3500002
0.020324707031250 3499987
0.020812988281250 3500008
0.020263671875000 3499997
0.020507812500000 3500003
0.020507812500000 3500006
0.020263671875000 3499995
0.020690917968750 3500009
0.020263671875000 3499991
0.022277832031250 3500020
0.018676757812500 3499985
0.020385742187500 3499986
0.041015625000000 3500027
0.020141601562500 3499990
0.020507812500000 3499988
0.020507812500000 3500000
0.020202636718750 3500019
0.020507812500000 3500003
0.020690917968750 3499992
0.020507812500000 3499984
0.020263671875000 3500010
0.020507812500000 3499971
0.020935058593750 3500042
0.022705078125000 3499977
0.023254394531250 3500008
0.023254394531250 3500001
0.023010253906250 3499974
0.021789550781250 3500018
0.021545410156250 3499994
0.021911621093750 3500009
0.021667480468750 3500002
0.040832519531250 3499980
0.020507812500000 3499989
0.020324707031250 3500025
0.020812988281250 3499993
0.020324707031250 3499989
0.021301269531250 3500001
0.022216796875000 3499987
0.022949218750000 3500021
0.018737792968750 3500016
0.020507812500000 3499958
0.021484375000000 3500029
0.022033691406250 3499983
0.021972656250000 3500008
0.021789550781250 3500000
0.021728515625000 3500013
0.022338867187500 3499980
0.018676757812500 3500011
0.020324707031250 3499978
0.020507812500000 3499989
0.040771484375000 3500027
0.020507812500000 3500020
0.020263671875000 3499965
0.020812988281250 3500003
0.020263671875000 3499992
0.020568847656250 3500024
0.020324707031250 3499999
0.020385742187500 3499990
0.020690917968750 3499990
0.020812988281250 3499975
0.021423339843750 3500033
0.022460937500000 3500001
0.022521972656250 3500008
0.021667480468750 3499977
0.021484375000000 3500014
0.020874023437500 3500017
0.020324707031250 3499968
0.020690917968750 3500023
0.020935058593750 3499999
0.020751953125000 3499988
0.040954589843750 3499998
0.000000000000000 3499975
0.043151855468750 3500031
0.021850585937500 3499981
0.021667480468750 3500024
0.021545410156250 3499996
0.020324707031250 3500000
0.020385742187500 3499983
0.020812988281250 3500009
0.020263671875000 3499994
0.020324707031250 3500006
0.020507812500000 3500002
0.020507812500000 3499996
0.020751953125000 3499992
0.022827148437500 3500034
0.021911621093750 3499966
0.021911621093750 3499998
0.021179199218750 3500024
0.020507812500000 3500007
0.021911621093750 3499971
0.039428710937500 3499987
0.020263671875000 3500008
0.020507812500000 3500015
0.020507812500000 3500010
0.020324707031250 3499976
0.020690917968750 3500028
0.020263671875000 3499980
0.020507812500000 3499986
0.020263671875000 3500017
0.020812988281250 3499992
0.020263671875000 3500020
0.020263671875000 3499992
0.020751953125000 3500008
0.020263671875000 3499973
0.020324707031250 3500003
0.020507812500000 3499980
0.020507812500000 3500035
0.020385742187500 3499997
0.020507812500000 3500010
0.020507812500000 3499980
0.042907714843750 3499999
0.021667480468750 3500005
0.022094726562500 3500014
0.021911621093750 3499963
0.021728515625000 3500007
0.021667480468750 3500020
0.021850585937500 3499982
0.020996093750000 3500012
0.020507812500000 3499996
0.021240234375000 3500022
0.019653320312500 3499974
0.020507812500000 3500024
0.021789550781250 3499990
0.019165039062500 3499991
0.020324707031250 3499983
0.020263671875000 3500017
0.020690917968750 3500008
0.020202636718750 3500013
0.020385742187500 3499975
0.020324707031250 3499999
0.041076660156250 3499987
0.020385742187500 3500023
0.020507812500000 3499983
0.020263671875000 3499982
0.020812988281250 3500028
0.020324707031250 3500000
0.020568847656250 3499989
0.020507812500000 3500003
0.020324707031250 3500015
0.020507812500000 3499986
0.020507812500000 3499991
0.020324707031250 3500010
0.020324707031250 3500007
0.020690917968750 3499984
0.020385742187500 3499990
0.020507812500000 3500023
0.020324707031250 3500007
0.020507812500000 3499980
0.020935058593750 3499989
0.021911621093750 3500023
0.043823242187500 3499992
0.021118164062500 3499980
0.020629882812500 3500005
0.020324707031250 3500008
0.020263671875000 3499990
0.021362304687500 3499943
0.020263671875000 3500081
0.021057128906250 3499975
0.020507812500000 3500021
0.021179199218750 3499991
0.021423339843750 3500000
0.020568847656250 3499988
0.020324707031250 3500016
0.021118164062500 3500003
0.019714355468750 3499994
0.020324707031250 3500004
0.020874023437500 3499991
0.020324707031250 3499988
0.020324707031250 3499999
0.020324707031250 3500014
0.041198730468750 3500012
0.020141601562500 3500004
0.020812988281250 3500004
0.022338867187500 3499984
0.018127441406250 3499991
0.020690917968750 3500013
0.020568847656250 3499991
0.020141601562500 3499985
0.022705078125000 3500021
0.018127441406250 3500001
0.020812988281250 3499990
0.020324707031250 3499984
0.021301269531250 3500031
0.021545410156250 3499978
0.021789550781250 3499990
0.021911621093750 3500000
0.021301269531250 3500029
0.020324707031250 3499977
0.020812988281250 3499989
0.040710449218750 3500011
0.021301269531250 3500003
0.019775390625000 3499982
0.022827148437500 3499983
0.022338867187500 3499979
0.020935058593750 3500067
0.021301269531250 3499994
0.020568847656250 3499986
0.020690917968750 3499996
0.019958496093750 3500004
0.020812988281250 3500025
0.020324707031250 3499977
0.020263671875000 3499995
0.020812988281250 3500005
0.020141601562500 3500008
0.020874023437500 3499984
0.020202636718750 3500017
0.020385742187500 3499980
0.020385742187500 3500012
0.020568847656250 3500000
0.020385742187500 3500008
0.040710449218750 3499977
0.020568847656250 3499992
0.021301269531250 3499991
0.021728515625000 3500014
0.021423339843750 3500013
0.020263671875000 3499989
0.020324707031250 3500019
0.020507812500000 3500002
0.020385742187500 3499968
0.021301269531250 3500024
0.023620605468750 3499978
0.018737792968750 3500004
0.020263671875000 3500000
0.020507812500000 3499992
0.020202636718750 3500012
0.020812988281250 3500019
0.020568847656250 3499989
0.020263671875000 3499983
0.020141601562500 3500014
0.041320800781250 3500000
0.020202636718750 3499986
0.020690917968750 3500013
0.020385742187500 3500010
0.020568847656250 3499987
0.020202636718750 3499996
0.020507812500000 3500004
0.021362304687500 3499992
0.019714355468750 3499993
0.020263671875000 3500014
0.020507812500000 3499990
0.020690917968750 3500005
0.022094726562500 3500008
0.019836425781250 3499979
0.020751953125000 3499994
0.020812988281250 3500001
0.020263671875000 3500037
0.020263671875000 3499959
0.020874023437500 3500034
0.041015625000000 3499991
0.020263671875000 3499971
0.020385742187500 3500037
0.020385742187500 3499990
0.021606445312500 3500001
0.019165039062500 3499978
0.020507812500000 3500015
0.020568847656250 3500008
0.020507812500000 3500013
0.020385742187500 3499963
0.020507812500000 3500009
0.022216796875000 3499988
0.018615722656250 3500038
0.020690917968750 3499978
0.020507812500000 3499975
0.020141601562500 3500042
0.020568847656250 3499993
0.020507812500000 3499969
0.020507812500000 3500010
0.040710449218750 3500000
0.020812988281250 3499985
0.021484375000000 3500008
0.021667480468750 3500010
0.022399902343750 3500019
0.022277832031250 3499977
0.022155761718750 3499996
0.024353027343750 3500007
0.020202636718750 3499995
0.022094726562500 3499994
0.020935058593750 3500023
0.020507812500000 3499989
0.020507812500000 3500009
0.020507812500000 3499973
0.020141601562500 3500011
0.020690917968750 3499979
0.020507812500000 3500042
0.020263671875000 3499978
0.020507812500000 3500008
0.020324707031250 3499983
0.020812988281250 3499996
0.040771484375000 3500020
0.020507812500000 3500010
0.021911621093750 3499988
0.019165039062500 3499976
0.020568847656250 3500033
0.020507812500000 3499996
0.020385742187500 3500006
0.020690917968750 3499969
0.020935058593750 3500011
0.021423339843750 3499989
0.021728515625000 3500008
0.020996093750000 3500011
0.021545410156250 3499981
0.020507812500000 3500004
0.020812988281250 3499991
0.022521972656250 3500001
0.019165039062500 3499999
0.022216796875000 3500028
0.043273925781250 3499976
0.022949218750000 3500018
0.024169921875000 3499997
0.022521972656250 3500002
0.023010253906250 3499985
0.022338867187500 3500009
0.021179199218750 3500000
0.020690917968750 3500007
0.020324707031250 3500002
0.020874023437500 3499981
0.020202636718750 3499986
0.020690917968750 3500015
0.020202636718750 3500002
0.022583007812500 3499983
0.018676757812500 3499988
0.020019531250000 3500028
0.020690917968750 3499990
0.020690917968750 3499989
0.020263671875000 3500016
0.020324707031250 3500003
0.041198730468750 3499983
0.020263671875000 3499997
0.020507812500000 3500015
0.020935058593750 3499987
0.020263671875000 3500010
0.020568847656250 3500010
0.020385742187500 3500007
0.020141601562500 3499966
0.020996093750000 3499999
0.020507812500000 3500002
0.020263671875000 3500013
0.020263671875000 3500012
0.020874023437500 3499984
0.020690917968750 3499995
0.021362304687500 3500010
0.021423339843750 3499999
0.022216796875000 3499997
0.021850585937500 3500016
0.022338867187500 3499995
0.021972656250000 3499989
0.043579101562500 3500007
0.020385742187500 3499986
0.020507812500000 3500016
0.020812988281250 3500011
0.021911621093750 3499976
0.018920898437500 3499982
0.021240234375000 3500018
0.021911621093750 3499993
0.021667480468750 3500008
0.022521972656250 3499991
0.021545410156250 3500005
0.020996093750000 3499998
0.022766113281250 3500005
0.018310546875000 3499992
0.020751953125000 3500017
0.021179199218750 3499982
0.021057128906250 3500015
0.020996093750000 3499978
0.020446777343750 3500005
0.041870117187500 3500010
0.020446777343750 3499995
0.020385742187500 3499995
0.020446777343750 3500000
0.020690917968750 3500010
0.020996093750000 3500000
0.020935058593750 3499984
0.020080566406250 3500007
0.020690917968750 3500015
0.020874023437500 3499982
0.020507812500000 3499987
0.021240234375000 3500014
0.022827148437500 3499993
0.023010253906250 3499989
0.022277832031250 3500022
0.021545410156250 3499984
0.022155761718750 3499998
0.021606445312500 3500004
0.022033691406250 3500011
0.021789550781250 3499983
0.043701171875000 3500015
0.022827148437500 3499978
0.019897460937500 3500015
0.022399902343750 3500003
0.021667480468750 3500019
0.022644042968750 3499965
0.019836425781250 3500008
0.020263671875000 3500023
0.020324707031250 3499939
0.020996093750000 3500027
0.025268554687500 3500029
0.020568847656250 3499966
0.023498535156250 3499978
0.022705078125000 3500070
0.021179199218750 3499954
0.020324707031250 3500006
0.020507812500000 3499999
0.020507812500000 3500005
0.020141601562500 3500025
0.021484375000000 3499982
0.040588378906250 3500002
0.020263671875000 3499983
0.020507812500000 3500009
0.020568847656250 3499986
0.020751953125000 3500001
0.022094726562500 3499998
0.018676757812500 3500037
0.022460937500000 3499987
0.018859863281250 3499997
0.020874023437500 3499978
0.019958496093750 3500026
0.020507812500000 3499983
0.021240234375000 3500010
0.021240234375000 3499998
0.019775390625000 3499996
0.020324707031250 3500006
0.020568847656250 3499978
0.020446777343750 3500028
0.020507812500000 3500000
0.040832519531250 3499983
0.021850585937500 3499997
0.021789550781250 3500013
0.022155761718750 3499984
0.021118164062500 3500006
0.020690917968750 3500002
0.020507812500000 3499991
0.020385742187500 3500004
0.020568847656250 3499986
0.020690917968750 3500003
0.020507812500000 3500021
0.021667480468750 3499986
0.018676757812500 3499984
0.020812988281250 3500024
0.020324707031250 3499995
0.022033691406250 3499998
0.018676757812500 3500000
0.020507812500000 3500003
0.020385742187500 3500008
0.020751953125000 3499980
0.040588378906250 3499979
0.020507812500000 3500032
0.020324707031250 3500005
0.020568847656250 3500001
0.020507812500000 3499988
0.020690917968750 3500007
0.022338867187500 3499998
0.018127441406250 3499994
0.020996093750000 3499982
0.020202636718750 3500006
0.020324707031250 3499988
0.020568847656250 3500031
0.020263671875000 3499989
0.020507812500000 3500014
0.020629882812500 3499989
0.020385742187500 3499996
0.020263671875000 3500006
0.020507812500000 3499987
0.020812988281250 3500006
0.020385742187500 3499996
0.040527343750000 3499988
0.020812988281250 3500032
0.020263671875000 3499971
0.020263671875000 3500008
0.020690917968750 3499993
0.020263671875000 3500014
0.020324707031250 3499977
0.020385742187500 3500009
0.020874023437500 3500019
0.020385742187500 3499989
0.020812988281250 3499985
0.021911621093750 3500024
0.021606445312500 3500004
0.022033691406250 3499982
0.022460937500000 3499983
0.024475097656250 3500015
0.024597167968750 3499998
0.024291992187500 3500013
0.025878906250000 3499994
0.020690917968750 3499991
0.043334960937500 3500001
0.021362304687500 3499994
0.020874023437500 3500005
0.022155761718750 3499992
0.018676757812500 3500005
0.020568847656250 3499990
0.020385742187500 3500005
0.020141601562500 3500019
0.020690917968750 3499990
0.020874023437500 3500011
0.020568847656250 3499970
0.022583007812500 3500014
0.019348144531250 3500005
0.020874023437500 3499978
0.021850585937500 3500010
0.021667480468750 3499997
0.021667480468750 3500005
0.021789550781250 3500015
0.020263671875000 3500006
0.021850585937500 3499979
0.039428710937500 3500013
0.020263671875000 3499982
0.020568847656250 3500017
0.021484375000000 3500011
0.022155761718750 3499985
0.021545410156250 3499999
0.022277832031250 3499987
0.019775390625000 3500007
0.024169921875000 3499982
0.021484375000000 3500009
0.022216796875000 3500007
0.021911621093750 3499993
0.022216796875000 3499987
0.023010253906250 3500011
0.023010253906250 3500011
0.023437500000000 3499998
0.021972656250000 3499996
0.020629882812500 3499999
0.020507812500000 3499987
0.020507812500000 3500008
0.041076660156250 3500008
0.020324707031250 3500005
0.020324707031250 3499985
0.021911621093750 3500001
0.019165039062500 3499991
0.020324707031250 3500019
0.020263671875000 3500003
0.020812988281250 3499971
0.020385742187500 3500008
0.020507812500000 3500004
0.020935058593750 3500012
0.022399902343750 3499985
0.020690917968750 3500014
0.020263671875000 3500007
0.020507812500000 3499965
0.020385742187500 3500033
0.020874023437500 3500005
0.021057128906250 3499979
0.020385742187500 3499983
0.021057128906250 3500015
0.043029785156250 3500008
0.021301269531250 3499991
0.020629882812500 3499986
0.020751953125000 3499980
0.021728515625000 3500040
0.019409179687500 3499995
0.020446777343750 3499975
0.020874023437500 3500021
0.020324707031250 3500017
0.020324707031250 3499982
0.021789550781250 3500000
0.022949218750000 3500001
0.021850585937500 3500006
0.023681640625000 3499988
0.019348144531250 3499991
0.022705078125000 3500021
0.019775390625000 3499998
0.021545410156250 3499987
0.021484375000000 3499985
0.020507812500000 3500013
0.041015625000000 3499998
0.020507812500000 3499997
0.020690917968750 3499985
0.020507812500000 3500014
0.020324707031250 3500000
0.020690917968750 3500015
0.020324707031250 3499997
0.021911621093750 3500005
0.019348144531250 3499990
0.020446777343750 3500006
0.020690917968750 3499985
0.020324707031250 3500005
0.020690917968750 3499993
0.020385742187500 3499996
0.020568847656250 3500007
0.020996093750000 3499984
0.020935058593750 3500010
0.020812988281250 3500021
0.020812988281250 3500006
0.021362304687500 3500006
0.042480468750000 3499981
0.022277832031250 3499992
0.022155761718750 3499980
0.022155761718750 3499993
0.023986816406250 3500014
0.020080566406250 3500022
0.020446777343750 3499995
0.020690917968750 3499989
0.020996093750000 3499986
0.021301269531250 3500021
0.020507812500000 3500017
0.020751953125000 3499953
0.020751953125000 3500019
0.020690917968750 3499990
0.021789550781250 3500022
0.019165039062500 3499958
0.020324707031250 3500031
0.020385742187500 3500010
0.020507812500000 3499986
0.020751953125000 3499978
0.040771484375000 3500033
0.020507812500000 3499999
0.020263671875000 3499978
0.020507812500000 3500024
0.020324707031250 3500001
0.020385742187500 3499991
0.020324707031250 3499979
0.020507812500000 3500030
0.020690917968750 3499995
0.020385742187500 3500007
0.021911621093750 3499966
0.019165039062500 3500005
0.020263671875000 3500015
0.020568847656250 3500004
0.020507812500000 3499993
0.020263671875000 3499987
0.020324707031250 3499999
0.020385742187500 3500033
0.020507812500000 3499961
0.020324707031250 3500012
0.041198730468750 3499999
0.020507812500000 3500014
0.020324707031250 3499988
0.020324707031250 3499983
0.021057128906250 3500022
0.020446777343750 3499992
0.020812988281250 3499954
0.021301269531250 3500021
0.021179199218750 3500029
0.021423339843750 3499992
0.021972656250000 3500010
0.021606445312500 3499965
0.020874023437500 3500024
0.020141601562500 3500002
0.020812988281250 3499964
0.020263671875000 3500028
0.020385742187500 3500023
0.020507812500000 3499978
0.020446777343750 3499974
0.041259765625000 3500022
0.020690917968750 3500013
0.020568847656250 3499972
0.020324707031250 3500040
0.020629882812500 3499956
0.021057128906250 3500030
0.020507812500000 3499962
0.021118164062500 3500037
0.020935058593750 3499998
0.020996093750000 3500000
0.022033691406250 3499993
0.022216796875000 3500001
0.022705078125000 3500014
0.022216796875000 3499996
0.022094726562500 3499958
0.021789550781250 3500027
0.023681640625000 3499999
0.019897460937500 3499984
0.022949218750000 3500026
0.024841308593750 3500010
0.023620605468750 3499992
0.046447753906250 3499988
0.021789550781250 3499976
0.020812988281250 3500049
0.020874023437500 3499976
0.020996093750000 3500003
0.020690917968750 3499971
0.020812988281250 3500019
0.021301269531250 3500013
0.020751953125000 3499982
0.020812988281250 3499985
0.021179199218750 3500028
0.020812988281250 3499992
0.020751953125000 3499995
0.020568847656250 3499980
0.020324707031250 3500029
0.020751953125000 3499995
0.020568847656250 3499967
0.020690917968750 3500028
0.021057128906250 3500007
0.020751953125000 3499979
0.042175292968750 3500037
0.020874023437500 3499948
0.020935058593750 3500037
0.020385742187500 3499967
0.020812988281250 3500024
0.021118164062500 3499958
0.020874023437500 3500042
0.023498535156250 3499987
0.024658203125000 3500020
0.023559570312500 3500006
0.025634765625000 3499985
0.021545410156250 3499976
0.023681640625000 3500027
0.023498535156250 3500001
0.023986816406250 3499980
0.021301269531250 3499996
0.021057128906250 3500014
0.020874023437500 3499995
0.020935058593750 3500006
0.020812988281250 3500005
0.042175292968750 3500012
0.020874023437500 3499998
0.020751953125000 3499978
0.021179199218750 3500011
0.020690917968750 3500005
0.020751953125000 3499979
0.020751953125000 3500005
0.020996093750000 3500009
0.020507812500000 3500007
0.020996093750000 3499980
0.020874023437500 3500012
0.020568847656250 3500013
0.020568847656250 3499992
0.021728515625000 3499967
0.021301269531250 3500012
0.020812988281250 3500017
0.020812988281250 3499999
0.020996093750000 3499982
0.020812988281250 3500008
0.020263671875000 3499978
0.041381835937500 3500029
0.020385742187500 3499995
0.021057128906250 3500004
0.020446777343750 3499995
0.022094726562500 3499989
0.019409179687500 3500009
0.020751953125000 3499973
0.020812988281250 3500021
0.020629882812500 3500007
0.021301269531250 3499982
0.020568847656250 3499995
0.020935058593750 3500018
0.020812988281250 3499998
0.020690917968750 3499964
0.020812988281250 3500052
0.020996093750000 3499981
0.020751953125000 3499987
0.022216796875000 3500011
0.022155761718750 3500006
0.022277832031250 3499976
0.042541503906250 3500027
0.020629882812500 3500010
0.021911621093750 3499974
0.020202636718750 3500003
0.020751953125000 3500007
0.020874023437500 3499998
0.020935058593750 3500005
0.020996093750000 3499982
0.020874023437500 3500025
0.022827148437500 3500005
0.019104003906250 3499977
0.020812988281250 3499999
0.020935058593750 3499976
0.020996093750000 3500045
0.020751953125000 3499995
0.021484375000000 3499978
0.021728515625000 3500010
0.022338867187500 3499999
0.022277832031250 3499957
0.043151855468750 3500024
0.020568847656250 3500002
0.020812988281250 3500006
0.020507812500000 3499989
0.020874023437500 3499988
0.020996093750000 3500024
0.021301269531250 3499983
0.022399902343750 3499999
0.019104003906250 3500024
0.021362304687500 3500001
0.024108886718750 3499983
0.020019531250000 3499999
0.021728515625000 3500022
0.020751953125000 3499984
0.020751953125000 3499973
0.020935058593750 3500046
0.021484375000000 3499970
0.021057128906250 3500009
0.020935058593750 3499999
0.020996093750000 3499969
0.044067382812500 3500032
0.022399902343750 3499983
0.022644042968750 3500000
0.022216796875000 3499971
0.022399902343750 3500071
0.022094726562500 3499972
0.022033691406250 3499993
0.020751953125000 3500003
0.020690917968750 3499998
0.020385742187500 3500009
0.020874023437500 3499960
0.020996093750000 3500029
0.022338867187500 3500013
0.020812988281250 3499973
0.020629882812500 3500010
0.020874023437500 3499998
0.020996093750000 3500024
0.020690917968750 3499968
0.022644042968750 3499972
0.018676757812500 3500031
0.041687011718750 3500033
0.020812988281250 3499978
0.020629882812500 3499956
0.020812988281250 3500049
0.020751953125000 3500008
0.020629882812500 3499996
0.021118164062500 3499992
0.021179199218750 3499998
0.020874023437500 3499998
0.021301269531250 3500004
0.021728515625000 3499991
0.022216796875000 3500013
0.022277832031250 3499984
0.021667480468750 3500003
0.020996093750000 3500008
0.020263671875000 3499992
0.020690917968750 3499991
0.020324707031250 3499992
0.020507812500000 3500016
0.020324707031250 3500014
0.041442871093750 3499987
0.020874023437500 3500000
0.021057128906250 3499982
0.022460937500000 3500009
0.021789550781250 3499985
0.020202636718750 3499995
0.020629882812500 3500025
0.020263671875000 3500000
0.020812988281250 3500004
0.020019531250000 3499959
0.020996093750000 3500029
0.020874023437500 3500006
0.020507812500000 3499981
0.020629882812500 3500030
0.020874023437500 3500000
0.020507812500000 3499981
0.020751953125000 3500006
0.020324707031250 3500006
0.020751953125000 3500013
0.020568847656250 3499966
0.041320800781250 3500014
0.020141601562500 3500015
0.020812988281250 3499976
0.020202636718750 3499981
0.020629882812500 3500035
0.020690917968750 3499987
0.021179199218750 3500012
0.021423339843750 3499995
0.020996093750000 3499990
0.020812988281250 3500013
0.022521972656250 3499987
0.018676757812500 3499993
0.020690917968750 3500019
0.020690917968750 3499992
0.020996093750000 3500012
0.020629882812500 3499975
0.020446777343750 3500000
0.021240234375000 3500008
0.021240234375000 3499982
0.021057128906250 3499995
0.041503906250000 3500012
0.021911621093750 3500028
0.019470214843750 3499979
0.020385742187500 3499985
0.020629882812500 3500023
0.020812988281250 3499957
0.021301269531250 3500002
0.023193359375000 3500014
0.019104003906250 3500024
0.020629882812500 3499998
0.020874023437500 3499982
0.021545410156250 3500035
0.021362304687500 3499984
0.021301269531250 3500002
0.022338867187500 3499981
0.019409179687500 3500031
0.020568847656250 3499969
0.020690917968750 3499992
0.020874023437500 3500033
0.021728515625000 3499974
0.044677734375000 3500008
0.021057128906250 3499995
0.020935058593750 3499995
0.020874023437500 3500022
0.021362304687500 3500000
0.022705078125000 3499983
0.019104003906250 3500005
0.020812988281250 3500006
0.020812988281250 3499991
0.021057128906250 3499998
0.020874023437500 3500007
0.020996093750000 3500004
0.020812988281250 3499995
0.020996093750000 3499991
0.022949218750000 3500015
0.023620605468750 3499996
0.022583007812500 3499984
0.021850585937500 3500015
0.020996093750000 3500002
0.020507812500000 3500007
0.041809082031250 3499980
0.020935058593750 3499989
0.021850585937500 3500026
0.018676757812500 3500003
0.020507812500000 3499962
0.020568847656250 3500040
0.020690917968750 3499986
0.020446777343750 3499977
0.020385742187500 3500005
0.021240234375000 3500018
0.022277832031250 3499978
0.021789550781250 3500001
0.021911621093750 3500009
0.022216796875000 3499999
0.023010253906250 3500017
0.018615722656250 3499979
0.021301269531250 3500019
0.020812988281250 3499982
0.020751953125000 3500020
0.020874023437500 3499978
0.041992187500000 3499987
0.021301269531250 3500031
0.021057128906250 3500000
0.021850585937500 3499973
0.023376464843750 3500008
0.022644042968750 3499989
0.022766113281250 3500005
0.023315429687500 3500014
0.024902343750000 3499996
0.024963378906250 3499983
0.025146484375000 3500013
0.025817871093750 3499977
0.020385742187500 3500027
0.022155761718750 3499993
0.022216796875000 3499990
0.021362304687500 3499985
0.021301269531250 3500040
0.021423339843750 3499987
0.020935058593750 3499965
0.042846679687500 3500002
0.020751953125000 3500014
0.022155761718750 3500006
0.019165039062500 3500006
0.022277832031250 3500006
0.021362304687500 3500006
0.022216796875000 3499973
0.021423339843750 3500003
0.020507812500000 3500017
0.020751953125000 3499998
0.020568847656250 3499980
0.020812988281250 3499977
0.021789550781250 3500026
0.022094726562500 3500004
0.021667480468750 3499994
0.023132324218750 3499993
0.018798828125000 3500003
0.020812988281250 3500005
0.020080566406250 3500006
0.021728515625000 3499980
0.043273925781250 3500017
0.021911621093750 3500006
0.022216796875000 3499989
0.020996093750000 3499998
0.020263671875000 3499996
0.020385742187500 3500009
0.020690917968750 3500007
0.020568847656250 3499992
0.020324707031250 3499998
0.021606445312500 3500008
0.020446777343750 3500000
0.021606445312500 3499987
0.022094726562500 3500012
0.021789550781250 3499996
0.021179199218750 3499989
0.020507812500000 3500009
0.022888183593750 3499990
0.019897460937500 3499995
0.021057128906250 3500024
0.021057128906250 3500004
0.041625976562500 3499973
0.022705078125000 3500005
0.020446777343750 3500015
0.021850585937500 3499991
0.021850585937500 3499978
0.020935058593750 3500029
0.020874023437500 3499984
0.020263671875000 3499995
0.020385742187500 3500001
0.020507812500000 3500015
0.020507812500000 3500014
0.020507812500000 3499982
0.020263671875000 3499972
0.020507812500000 3499996
0.020751953125000 3500018
0.020263671875000 3500000
0.020874023437500 3499992
0.020263671875000 3500018
0.020507812500000 3499976
0.020507812500000 3500024
0.040588378906250 3499997
0.020568847656250 3499995
0.020507812500000 3499996
0.020507812500000 3500014
0.021057128906250 3500002
0.021606445312500 3499959
0.021667480468750 3500043
0.023132324218750 3499974
0.019348144531250 3499994
0.021484375000000 3500030
0.022827148437500 3499993
0.018127441406250 3499987
0.021057128906250 3499992
0.021667480468750 3500011
0.020690917968750 3500004
0.020629882812500 3499995
0.021301269531250 3499987
0.020751953125000 3500018
0.023071289062500 3499976
0.018615722656250 3500021
0.041503906250000 3500004
0.020812988281250 3500009
0.020629882812500 3499966
0.021423339843750 3500012
0.020935058593750 3499987
0.020751953125000 3500014
0.020935058593750 3499996
0.020812988281250 3499987
0.020202636718750 3500031
0.020996093750000 3500002
0.021850585937500 3499979
0.020202636718750 3499980
0.022583007812500 3500018
0.021850585937500 3500008
0.021606445312500 3499985
0.023620605468750 3500006
0.019897460937500 3500024
0.022094726562500 3500002
0.021911621093750 3499987
0.020751953125000 3499986
0.041076660156250 3500024
0.000000000000000 3499954
0.041137695312500 3500018
0.020324707031250 3500016
0.020263671875000 3500013
0.020507812500000 3499974
0.020385742187500 3500004
0.020690917968750 3499988
0.020507812500000 3499994
0.020385742187500 3500009
0.020507812500000 3500001
0.020507812500000 3500008
0.021972656250000 3499997
0.018676757812500 3500000
0.021972656250000 3499982
0.022033691406250 3500026
0.021545410156250 3500005
0.021911621093750 3499973
0.020751953125000 3499995
0.020690917968750 3500020
0.041198730468750 3500002
0.020324707031250 3499977
0.020324707031250 3500013
0.020324707031250 3500022
0.020385742187500 3499979
0.020568847656250 3499996
0.020568847656250 3500014
0.020385742187500 3500015
0.021423339843750 3499968
0.019714355468750 3499998
0.020568847656250 3500002
0.022216796875000 3499994
0.018676757812500 3500007
0.022033691406250 3499993
0.019714355468750 3500013
0.020812988281250 3499991
0.020507812500000 3500007
0.020385742187500 3499981
0.020812988281250 3500003
0.020019531250000 3500024
0.042358398437500 3499987
0.021362304687500 3499996
0.022094726562500 3500007
0.021606445312500 3500000
0.021789550781250 3499973
0.022277832031250 3500031
0.021606445312500 3500004
0.023864746093750 3499970
0.018981933593750 3500023
0.020507812500000 3499973
0.020141601562500 3500019
0.020385742187500 3499987
0.020874023437500 3499981
0.020019531250000 3500040
0.020507812500000 3500000
0.020507812500000 3499977
0.020446777343750 3500009
0.021362304687500 3500019
0.019836425781250 3499987
0.020507812500000 3499999
0.041015625000000 3500001
0.020507812500000 3500002
0.020507812500000 3499999
0.021850585937500 3499987
0.018676757812500 3499941
0.023315429687500 3500056
0.019836425781250 3499965
0.020812988281250 3500018
0.021728515625000 3500006
0.021301269531250 3500012
0.019775390625000 3499990
0.021484375000000 3500007
0.021850585937500 3499992
0.021667480468750 3500033
0.022216796875000 3499959
0.024291992187500 3500030
0.021728515625000 3499979
0.023132324218750 3499995
0.023010253906250 3500023
0.021484375000000 3499985
0.041076660156250 3500011
0.020629882812500 3499998
0.022338867187500 3500013
0.022399902343750 3499965
0.021850585937500 3500024
0.021911621093750 3499981
0.022216796875000 3500002
0.021301269531250 3500001
0.022155761718750 3499997
0.021728515625000 3500004
0.020629882812500 3499992
0.020324707031250 3500019
0.020507812500000 3499985
0.020263671875000 3499984
0.020690917968750 3500004
0.020263671875000 3500020
0.020751953125000 3499987
0.020751953125000 3500025
0.020385742187500 3499982
0.020263671875000 3499999
0.041381835937500 3499994
0.021240234375000 3500026
0.021911621093750 3499971
0.021911621093750 3500023
0.021545410156250 3499971
0.020812988281250 3500024
0.020385742187500 3499993
0.020507812500000 3499999
0.020385742187500 3500006
0.020568847656250 3499985
0.020507812500000 3500000
0.020507812500000 3500020
0.020507812500000 3499969
0.019958496093750 3500024
0.020690917968750 3499993
0.020324707031250 3499982
0.020690917968750 3499997
0.020446777343750 3500030
0.020507812500000 3499999
0.020385742187500 3500008
0.041931152343750 3499965
0.021667480468750 3500016
0.023010253906250 3499989
0.021850585937500 3499997
0.021728515625000 3500013
0.021179199218750 3500003
0.020385742187500 3500007
0.020812988281250 3499964
0.022033691406250 3499999
0.021911621093750 3500030
0.021850585937500 3499985
0.023498535156250 3499997
0.019104003906250 3500007
0.020690917968750 3499988
0.021911621093750 3499999
0.019165039062500 3500010
0.020385742187500 3499999
0.021545410156250 3500006
0.023559570312500 3499992
0.042114257812500 3500007
0.021606445312500 3500006
0.022155761718750 3499998
0.021606445312500 3499976
0.020996093750000 3499992
0.020751953125000 3500011
0.020324707031250 3500020
0.020690917968750 3499982
0.020263671875000 3499986
0.020568847656250 3500039
0.020690917968750 3499963
0.020690917968750 3500005
0.022338867187500 3500011
0.018127441406250 3500022
0.021057128906250 3499950
0.021545410156250 3500025
0.020874023437500 3499989
0.020568847656250 3500023
0.020385742187500 3499976
0.040588378906250 3500011
0.020874023437500 3500019
0.020263671875000 3499980
0.020446777343750 3500017
0.022155761718750 3499966
0.021667480468750 3500013
0.021545410156250 3500002
0.021911621093750 3499987
0.020324707031250 3500020
0.020507812500000 3499997
0.020812988281250 3500013
0.020019531250000 3499982
0.020812988281250 3499987
0.020324707031250 3500003
0.020568847656250 3500023
0.020141601562500 3500000
0.020568847656250 3500002
0.020507812500000 3499981
0.020507812500000 3500008
0.020263671875000 3499982
0.041015625000000 3500025
0.020507812500000 3499968
0.020324707031250 3500000
0.020385742187500 3500015
0.022033691406250 3500011
0.019165039062500 3499988
0.020446777343750 3499983
0.021179199218750 3500020
0.020446777343750 3500009
0.020324707031250 3499994
0.020507812500000 3499977
0.021057128906250 3500012
0.020507812500000 3499992
0.020507812500000 3500004
0.021728515625000 3499987
0.020141601562500 3500011
0.020324707031250 3500010
0.020446777343750 3499993
0.020874023437500 3499981
0.041992187500000 3500006
0.020385742187500 3500005
0.020690917968750 3500002
0.020874023437500 3499993
0.020629882812500 3499996
0.020690917968750 3500011
0.021484375000000 3499984
0.021667480468750 3500000
0.023193359375000 3500022
0.023498535156250 3499987
0.023681640625000 3500011
0.023132324218750 3499999
0.019348144531250 3500000
0.020141601562500 3499986
0.020935058593750 3499997
0.021850585937500 3499996
0.021850585937500 3500022
0.022827148437500 3499976
0.020996093750000 3500011
0.043640136718750 3500012
0.022583007812500 3499978
0.021240234375000 3500011
0.020874023437500 3499986
0.020263671875000 3500014
0.020690917968750 3500008
0.020385742187500 3499975
0.020324707031250 3500002
0.020263671875000 3500014
0.020507812500000 3500010
0.020507812500000 3499971
0.020568847656250 3500015
0.020568847656250 3500017
0.020263671875000 3499984
0.020385742187500 3499986
0.020629882812500 3500010
0.020568847656250 3500003
0.020996093750000 3500007
0.020507812500000 3499999
0.020324707031250 3499977
0.041320800781250 3500033
0.020385742187500 3499973
0.020263671875000 3499995
0.020751953125000 3500029
0.020935058593750 3499972
0.020874023437500 3500009
0.021789550781250 3499991
0.020507812500000 3500002
0.021057128906250 3499982
0.020812988281250 3500010
0.021911621093750 3500008
0.022705078125000 3499997
0.020996093750000 3499994
0.021545410156250 3499986
0.020812988281250 3500008
0.020141601562500 3500003
0.020690917968750 3500012
0.020263671875000 3499988
0.020568847656250 3500003
0.042480468750000 3500019
0.021911621093750 3499996
0.019287109375000 3499986
0.020385742187500 3500001
0.020385742187500 3500014
0.020507812500000 3499995
0.020812988281250 3499999
0.020507812500000 3499996
0.020263671875000 3500002
0.020263671875000 3499998
0.020507812500000 3500000
0.020385742187500 3499997
0.020690917968750 3500006
0.020263671875000 3499994
0.020812988281250 3500006
0.020263671875000 3499979
0.020263671875000 3500008
0.020690917968750 3500006
0.020324707031250 3500008
0.022399902343750 3499997
0.040161132812500 3499987
0.020751953125000 3500000
0.020568847656250 3500009
0.020751953125000 3500017
0.020202636718750 3499958
0.020996093750000 3499989
0.022155761718750 3500035
0.021728515625000 3499981
0.020690917968750 3500016
0.020935058593750 3500019
0.020629882812500 3499991
0.020996093750000 3499980
0.020935058593750 3499995
0.021667480468750 3500013
0.021850585937500 3499990
0.021789550781250 3500011
0.021118164062500 3500003
0.021179199218750 3500007
0.020568847656250 3499976
0.041381835937500 3500003
0.020935058593750 3499997
0.020141601562500 3500000
0.020568847656250 3500005
0.020996093750000 3500001
0.021179199218750 3500008
0.020690917968750 3500006
0.021057128906250 3499924
0.021057128906250 3500011
0.022155761718750 3500059
0.020141601562500 3499984
0.020751953125000 3499998
0.021179199218750 3499983
0.023864746093750 3500044
0.018310546875000 3499991
0.020568847656250 3499987
0.020874023437500 3499997
0.022766113281250 3500021
0.020935058593750 3500003
0.023620605468750 3499961
0.040527343750000 3500016
0.020263671875000 3500005
0.020324707031250 3500004
0.022216796875000 3499971
0.018798828125000 3500011
0.020996093750000 3500010
0.020629882812500 3500008
0.020812988281250 3500000
0.024169921875000 3499983
0.019897460937500 3500020
0.021362304687500 3499972
0.021728515625000 3500023
0.022460937500000 3499999
0.018127441406250 3500002
0.020812988281250 3499949
0.021240234375000 3500039
0.021728515625000 3499998
0.021545410156250 3499996
0.021728515625000 3500003
0.022583007812500 3499992
0.020080566406250 3500007
0.020874023437500 3499997
0.041259765625000 3499999
0.020202636718750 3499980
0.020324707031250 3499993
0.020751953125000 3500032
0.020812988281250 3499976
0.021179199218750 3500020
0.020812988281250 3500000
0.020996093750000 3499986
0.021972656250000 3499972
0.019287109375000 3500063
0.020324707031250 3499971
0.020690917968750 3499992
0.020507812500000 3499989
0.020263671875000 3500014
0.020935058593750 3500001
0.020019531250000 3499998
0.022766113281250 3500010
0.018127441406250 3500000
0.041015625000000 3499997
0.020690917968750 3499992
0.020263671875000 3500029
0.021850585937500 3499999
0.019165039062500 3499955
0.020690917968750 3500027
0.020568847656250 3499992
0.020446777343750 3500022
0.020629882812500 3499976
0.023132324218750 3499980
0.019897460937500 3500033
0.022766113281250 3499972
0.023010253906250 3500001
0.024291992187500 3499998
0.020812988281250 3500012
0.021667480468750 3499996
0.022644042968750 3499994
0.021667480468750 3500035
0.022521972656250 3499985
0.022094726562500 3499993
0.043090820312500 3499959
0.020751953125000 3500029
0.020324707031250 3500015
0.021545410156250 3500008
0.020446777343750 3499964
0.021667480468750 3500038
0.021911621093750 3499975
0.021911621093750 3500004
0.021911621093750 3499985
0.021728515625000 3500033
0.021667480468750 3500002
0.021667480468750 3499980
0.021484375000000 3499989
0.020507812500000 3500012
0.020263671875000 3500001
0.020263671875000 3499990
0.020812988281250 3500012
0.020263671875000 3500008
0.020324707031250 3499978
0.020507812500000 3500008
0.020507812500000 3500011
0.041137695312500 3499994
0.020080566406250 3499985
0.020568847656250 3500011
0.020507812500000 3500008
0.020568847656250 3499962
0.021545410156250 3500028
0.020690917968750 3499980
0.023315429687500 3500003
0.020202636718750 3500025
0.022460937500000 3499984
0.020812988281250 3500018
0.020263671875000 3499992
0.020690917968750 3499964
0.020324707031250 3500019
0.021606445312500 3500022
0.020568847656250 3499998
0.020324707031250 3500008
0.020385742187500 3499982
0.021179199218750 3499976
0.041442871093750 3500041
0.021118164062500 3499956
0.021484375000000 3500029
0.020812988281250 3500001
0.020812988281250 3499990
0.020446777343750 3499978
0.020874023437500 3500018
0.020263671875000 3499990
0.020568847656250 3500014
0.020568847656250 3499956
0.020751953125000 3500063
0.020446777343750 3499980
0.020568847656250 3500011
0.020507812500000 3499971
0.020568847656250 3500024
0.022277832031250 3499994
0.018676757812500 3499955
0.020874023437500 3500036
0.020263671875000 3500002
0.020385742187500 3499957
0.022460937500000 3500020
0.039855957031250 3500025
0.020324707031250 3499993
0.021911621093750 3500011
0.022644042968750 3499980
0.021667480468750 3500003
0.020507812500000 3499993
0.020202636718750 3500006
0.021423339843750 3500002
0.023864746093750 3499992
0.019104003906250 3500007
0.020629882812500 3500003
0.020507812500000 3500001
0.022644042968750 3499998
0.018920898437500 3499996
0.020324707031250 3499998
0.020324707031250 3499992
0.020568847656250 3500021
0.020507812500000 3499971
0.020690917968750 3500010
0.020263671875000 3499975
0.043884277343750 3500039
0.022216796875000 3500005
0.022338867187500 3499981
0.020874023437500 3499983
0.020812988281250 3500005
0.020568847656250 3499996
0.020690917968750 3500010
0.022216796875000 3500003
0.019897460937500 3500006
0.020812988281250 3499991
0.020629882812500 3500013
0.021972656250000 3499992
0.022827148437500 3500004
0.019836425781250 3499997
0.021606445312500 3499993
0.020935058593750 3500003
0.020507812500000 3499990
0.020507812500000 3500019
0.022216796875000 3499977
0.039245605468750 3500026
0.020507812500000 3499996
0.020507812500000 3499983
0.020568847656250 3500006
0.020324707031250 3500000
0.020385742187500 3500004
0.020507812500000 3499994
0.020568847656250 3499989
0.020385742187500 3500001
0.020446777343750 3500016
0.022766113281250 3499964
0.018371582031250 3500045
0.020812988281250 3499996
0.020263671875000 3500006
0.020690917968750 3499981
0.020935058593750 3500001
0.020690917968750 3500008
0.020629882812500 3499971
0.020751953125000 3500024
0.020812988281250 3500005
0.040893554687500 3499982
0.000000000000000 3500012
0.040832519531250 3499961
0.021179199218750 3500002
0.020996093750000 3500035
0.020568847656250 3499998
0.020202636718750 3499996
0.020690917968750 3499969
0.020629882812500 3500042
0.021118164062500 3499999
0.020263671875000 3499957
0.020568847656250 3500043
0.020385742187500 3499977
0.020568847656250 3500002
0.020507812500000 3499990
0.020507812500000 3500016
0.020629882812500 3499982
0.020385742187500 3500001
0.022644042968750 3499984
0.019042968750000 3499987
0.041809082031250 3500028
0.023437500000000 3500003
0.023315429687500 3499981
0.023071289062500 3500018
0.023254394531250 3500011
0.021484375000000 3499980
0.020507812500000 3500028
0.020935058593750 3499979
0.020996093750000 3500036
0.020446777343750 3499953
0.021484375000000 3500021
0.019348144531250 3500003
0.020874023437500 3499983
0.020263671875000 3499972
0.020629882812500 3500028
0.020751953125000 3500018
0.021118164062500 3499989
0.020202636718750 3499993
0.020812988281250 3500024
0.020935058593750 3499970
0.042053222656250 3500019
0.020324707031250 3499992
0.020751953125000 3500003
0.020751953125000 3500002
0.020812988281250 3500014
0.020629882812500 3499946
0.021484375000000 3500030
0.021484375000000 3499978
0.022399902343750 3500003
0.021545410156250 3500048
0.020751953125000 3499996
0.020568847656250 3499991
0.020446777343750 3499983
0.020507812500000 3500031
0.020507812500000 3499966
0.020446777343750 3500005
0.020507812500000 3499994
0.022644042968750 3499993
0.018127441406250 3500019
0.020507812500000 3500010
0.041442871093750 3499981
0.020751953125000 3499996
0.021118164062500 3500011
0.021484375000000 3499999
0.020507812500000 3500021
0.020812988281250 3499977
0.020324707031250 3499999
0.020568847656250 3500007
0.020202636718750 3500001
0.022583007812500 3500000
0.018615722656250 3499980
0.020263671875000 3500001
0.020263671875000 3500029
0.020812988281250 3499979
0.020568847656250 3499987
0.022705078125000 3500030
0.021301269531250 3499989
0.020751953125000 3499995
0.020874023437500 3499977
0.023132324218750 3500033
0.049377441406250 3499996
0.024597167968750 3499992
0.024047851562500 3499973
0.023376464843750 3500038
0.023620605468750 3499972
0.024230957031250 3500003
0.023498535156250 3499985
0.024475097656250 3500025
0.024414062500000 3499995
0.024169921875000 3499991
0.021728515625000 3500013
0.020263671875000 3499999
0.020507812500000 3499984
0.020568847656250 3500009
0.020324707031250 3499999
0.020751953125000 3500019
0.020568847656250 3499977
0.020324707031250 3500010
0.020507812500000 3500004
0.020507812500000 3499974
0.040832519531250 3500023
0.022766113281250 3499981
0.022888183593750 3500022
0.024291992187500 3499989
0.020629882812500 3499983
0.021667480468750 3499991
0.023620605468750 3500029
0.020324707031250 3499999
0.021850585937500 3500007
0.020812988281250 3499975
0.020385742187500 3500010
0.020385742187500 3499994
0.020568847656250 3500000
0.022216796875000 3500026
0.018859863281250 3499988
0.020507812500000 3499977
0.020507812500000 3499999
0.020507812500000 3500010
0.020812988281250 3500019
0.040832519531250 3499975
0.020507812500000 3500020
0.020507812500000 3499998
0.020446777343750 3499998
0.021301269531250 3499984
0.020446777343750 3500014
0.020385742187500 3500001
0.020874023437500 3499978
0.020263671875000 3499988
0.020507812500000 3500038
0.020507812500000 3500001
0.021606445312500 3499975
0.019165039062500 3500017
0.020263671875000 3499996
0.020263671875000 3499995
0.021728515625000 3500005
0.021362304687500 3499980
0.020507812500000 3500011
0.020751953125000 3499998
0.020202636718750 3500010
0.041076660156250 3499965
0.020690917968750 3500020
0.020202636718750 3499993
0.020812988281250 3500014
0.020263671875000 3499991
0.020507812500000 3500019
0.020385742187500 3499993
0.020507812500000 3499979
0.022460937500000 3500023
0.018676757812500 3499982
0.020385742187500 3500005
0.020446777343750 3500011
0.020568847656250 3500005
0.022277832031250 3499997
0.018676757812500 3499983
0.020935058593750 3499999
0.021484375000000 3500004
0.021850585937500 3499991
0.021728515625000 3500001
0.021850585937500 3499985
0.041015625000000 3500037
0.020568847656250 3499990
0.022094726562500 3499974
0.018920898437500 3500046
0.020690917968750 3499986
0.021179199218750 3499991
0.020507812500000 3499984
0.020446777343750 3499994
0.020812988281250 3500023
0.020690917968750 3500006
0.020324707031250 3499991
0.020507812500000 3499986
0.020690917968750 3500007
0.020751953125000 3499998
0.020446777343750 3499986
0.020690917968750 3500011
0.020202636718750 3500007
0.020812988281250 3500009
0.020019531250000 3499972
0.020751953125000 3500000
0.040588378906250 3500028
0.020507812500000 3499992
0.020568847656250 3499997
0.020263671875000 3500010
0.020507812500000 3499991
0.020507812500000 3499972
0.021484375000000 3500021
0.020874023437500 3499975
0.021728515625000 3500015
0.021850585937500 3500022
0.021301269531250 3499978
0.020690917968750 3499994
0.020507812500000 3500003
0.020385742187500 3499991
0.020446777343750 3499998
0.020507812500000 3500008
0.020690917968750 3500019
0.020751953125000 3499991
0.020812988281250 3499998
0.022155761718750 3500014
0.039001464843750 3499974
0.020263671875000 3500000
0.020690917968750 3500000
0.020263671875000 3500003
0.021728515625000 3499986
0.022460937500000 3500034
0.022155761718750 3499985
0.022216796875000 3500000
0.022033691406250 3500012
0.021484375000000 3499983
0.020690917968750 3499986
0.020446777343750 3500019
0.020874023437500 3499985
0.020507812500000 3500010
0.020141601562500 3499988
0.020935058593750 3500014
0.020751953125000 3500007
0.021667480468750 3499988
0.019226074218750 3500013
0.020263671875000 3499988
0.041015625000000 3500002
0.020324707031250 3500000
0.020812988281250 3499988
0.020812988281250 3499992
0.021911621093750 3500029
0.021911621093750 3499996
0.022155761718750 3499989
0.020935058593750 3500006
0.021118164062500 3499990
0.020507812500000 3500002
0.020324707031250 3500008
0.020507812500000 3499971
0.020507812500000 3500042
0.020263671875000 3499989
0.020935058593750 3499977
0.020690917968750 3499997
0.020324707031250 3500004
0.020324707031250 3500009
0.020812988281250 3500005
0.020935058593750 3500010
0.044372558593750 3499983
0.022888183593750 3500026
0.021850585937500 3499964
0.020751953125000 3499987
0.020751953125000 3500005
0.020385742187500 3499984
0.020507812500000 3500036
0.020812988281250 3499996
0.020019531250000 3499992
0.020629882812500 3499985
0.020263671875000 3500015
0.020812988281250 3500014
0.020385742187500 3499988
0.020324707031250 3499998
0.021911621093750 3499988
0.019165039062500 3500012
0.020263671875000 3499993
0.020385742187500 3499992
0.020507812500000 3500022
0.041748046875000 3500018
0.022155761718750 3499980
0.020751953125000 3500004
0.020507812500000 3500000
0.020568847656250 3500010
0.022338867187500 3499958
0.018005371093750 3500018
0.020568847656250 3500009
0.020446777343750 3499991
0.020812988281250 3499991
0.021057128906250 3500028
0.021667480468750 3499998
0.023620605468750 3499994
0.019897460937500 3499976
0.021667480468750 3500005
0.021423339843750 3500014
0.023376464843750 3499996
0.020446777343750 3500003
0.021484375000000 3499994
0.020446777343750 3500003
0.040893554687500 3500012
0.020507812500000 3499973
0.020507812500000 3499991
0.020507812500000 3500038
0.020385742187500 3499974
0.020812988281250 3499956
0.021179199218750 3500019
0.023925781250000 3499994
0.018798828125000 3500049
0.023620605468750 3499984
0.019470214843750 3499998
0.021728515625000 3500021
0.019165039062500 3499959
0.020385742187500 3500014
0.020751953125000 3500016
0.021667480468750 3499986
0.021789550781250 3500010
0.021545410156250 3500005
0.020446777343750 3499995
0.022644042968750 3499991
0.018127441406250 3499997
0.041198730468750 3499994
0.020324707031250 3500030
0.020385742187500 3499975
0.020751953125000 3499996
0.020263671875000 3500015
0.020568847656250 3499989
0.020324707031250 3499978
0.020935058593750 3500035
0.020385742187500 3499979
0.020385742187500 3499994
0.020507812500000 3499997
0.021423339843750 3500013
0.021911621093750 3500013
0.021362304687500 3499977
0.022094726562500 3500002
0.021118164062500 3499986
0.020263671875000 3500040
0.020507812500000 3499971
0.020568847656250 3500008
0.020263671875000 3499993
0.041137695312500 3500016
0.020263671875000 3499992
0.020507812500000 3499998
0.020507812500000 3499986
0.020385742187500 3500028
0.020812988281250 3499964
0.021057128906250 3500015
0.021606445312500 3499994
0.021911621093750 3499985
0.023742675781250 3500026
0.019104003906250 3499986
0.020568847656250 3500008
0.020263671875000 3499996
0.020568847656250 3500008
0.020812988281250 3500007
0.020263671875000 3500007
0.020507812500000 3499976
0.020385742187500 3500000
0.020568847656250 3500000
0.020202636718750 3500007
0.040832519531250 3499986
0.020812988281250 3500002
0.020263671875000 3500019
0.020324707031250 3499985
0.020507812500000 3499982
0.022460937500000 3500031
0.018676757812500 3500000
0.020507812500000 3499995
0.020507812500000 3499980
0.020019531250000 3500005
0.020568847656250 3500015
0.021545410156250 3500004
0.022827148437500 3499983
0.020019531250000 3500004
0.020507812500000 3500008
0.020019531250000 3500009
0.020874023437500 3499970
0.020263671875000 3500020
0.020385742187500 3499998
0.020507812500000 3499997
0.040893554687500 3500000
0.020507812500000 3500003
0.020324707031250 3499977
0.020568847656250 3500023
0.020507812500000 3499983
0.020507812500000 3499995
0.021911621093750 3500006
0.018676757812500 3499994
0.021789550781250 3499988
0.019226074218750 3500009
0.020812988281250 3499988
0.020568847656250 3500017
0.020202636718750 3500003
0.020568847656250 3500011
0.020507812500000 3500008
0.022216796875000 3499973
0.018676757812500 3500017
0.020202636718750 3499995
0.020507812500000 3499997
0.020874023437500 3499989
0.043212890625000 3500020
0.021850585937500 3499973
0.023071289062500 3500003
0.019653320312500 3500014
0.020629882812500 3500009
0.020507812500000 3500001
0.020324707031250 3499992
0.021362304687500 3499978
0.021911621093750 3500026
0.021606445312500 3499974
0.022216796875000 3500007
0.021118164062500 3500016
0.020996093750000 3500008
0.020446777343750 3500000
0.020751953125000 3499972
0.021484375000000 3500002
0.021667480468750 3500000
0.021911621093750 3499987
0.023376464843750 3500008
0.020507812500000 3500005
0.043151855468750 3500019
0.022216796875000 3499976
0.022277832031250 3500022
0.018676757812500 3499979
0.020568847656250 3500003
0.020324707031250 3500009
0.020446777343750 3499992
0.021789550781250 3500009
0.019714355468750 3499999
0.020324707031250 3499986
0.020507812500000 3500017
0.020507812500000 3499989
0.020507812500000 3499997
0.020507812500000 3499997
0.020324707031250 3499996
0.020263671875000 3500008
0.020507812500000 3499980
0.020629882812500 3500014
0.021789550781250 3499986
0.042663574218750 3500011
0.020202636718750 3499999
0.020812988281250 3499978
0.020324707031250 3500039
0.020568847656250 3499969
0.020629882812500 3500014
0.020629882812500 3500005
0.020324707031250 3500005
0.020629882812500 3499977
0.020385742187500 3500008
0.022949218750000 3499977
0.023010253906250 3500012
0.023010253906250 3500039
0.023437500000000 3499956
0.022033691406250 3500013
0.022705078125000 3500018
0.022033691406250 3499987
0.023315429687500 3499994
0.018737792968750 3500017
0.041320800781250 3499971
0.020263671875000 3499996
0.020568847656250 3500005
0.020385742187500 3500028
0.020385742187500 3500001
0.020324707031250 3499980
0.020812988281250 3500005
0.020263671875000 3499975
0.020263671875000 3500015
0.020874023437500 3500015
0.021545410156250 3499965
0.023498535156250 3500024
0.019897460937500 3500011
0.024047851562500 3499971
0.018920898437500 3500022
0.020385742187500 3499984
0.020324707031250 3500004
0.020324707031250 3499996
0.020324707031250 3500004
0.041137695312500 3500017
0.020324707031250 3499975
0.021972656250000 3500023
0.019165039062500 3499982
0.020935058593750 3500022
0.020935058593750 3499973
0.020507812500000 3500021
0.020568847656250 3499988
0.022033691406250 3499989
0.021484375000000 3500011
0.020507812500000 3499977
0.020751953125000 3500028
0.020263671875000 3499980
0.020324707031250 3500001
0.020812988281250 3500013
0.020141601562500 3499998
0.020507812500000 3499974
0.020507812500000 3500031
0.020507812500000 3499984
0.020141601562500 3500021
0.041198730468750 3499968
0.020263671875000 3500009
0.020507812500000 3500029
0.020385742187500 3499966
0.020812988281250 3500015
0.020507812500000 3500009
0.020324707031250 3499981
0.020507812500000 3500025
0.020507812500000 3499961
0.020019531250000 3500021
0.020507812500000 3500000
0.020812988281250 3499985
0.020263671875000 3499996
0.020263671875000 3500023
0.020690917968750 3499991
0.020263671875000 3499996
0.020812988281250 3500028
0.020019531250000 3499967
0.020507812500000 3500014
0.041076660156250 3499983
0.020324707031250 3499998
0.020568847656250 3500004
0.020507812500000 3499997
0.020263671875000 3499997
0.020690917968750 3500015
0.020141601562500 3499995
0.020812988281250 3500019
0.020446777343750 3499956
0.022338867187500 3500023
0.020996093750000 3499988
0.021667480468750 3500002
0.021545410156250 3500001
0.020935058593750 3499990
0.020324707031250 3499998
0.020324707031250 3500013
0.021301269531250 3500002
0.019714355468750 3499987
0.020324707031250 3500019
0.040893554687500 3499989
0.020507812500000 3500004
0.020507812500000 3499994
0.020324707031250 3500004
0.020812988281250 3500001
0.020935058593750 3499990
0.021484375000000 3499950
0.019836425781250 3500057
0.020568847656250 3499974
0.021789550781250 3500025
0.021850585937500 3499966
0.023437500000000 3500024
0.020263671875000 3500023
0.020568847656250 3499970
0.020324707031250 3499996
0.020568847656250 3500005
0.020507812500000 3500011
0.020324707031250 3500019
0.020690917968750 3499986
0.020263671875000 3499985
0.040771484375000 3500023
0.022216796875000 3499989
0.019592285156250 3499981
0.021057128906250 3500022
0.021423339843750 3499985
0.021667480468750 3499999
0.022216796875000 3499987
0.021362304687500 3500012
0.020690917968750 3499997
0.020263671875000 3500002
0.020935058593750 3499994
0.021484375000000 3500008
0.020568847656250 3499997
0.022216796875000 3500015
0.018798828125000 3499984
0.020874023437500 3500012
0.021606445312500 3500014
0.021911621093750 3499981
0.021667480468750 3499994
0.043701171875000 3499983
0.021667480468750 3500042
0.022216796875000 3499981
0.021301269531250 3499988
0.022827148437500 3499994
0.018127441406250 3500027
0.020507812500000 3499981
0.020812988281250 3500003
0.020080566406250 3499995
0.020202636718750 3499994
0.020141601562500 3500005
0.020141601562500 3500006
0.020446777343750 3500004
0.020385742187500 3500011
0.020141601562500 3499974
0.022583007812500 3500014
0.019836425781250 3499984
0.022094726562500 3499994
0.021911621093750 3500003
0.021423339843750 3500008
0.042541503906250 3499998
0.020690917968750 3500003
0.020629882812500 3499995
0.022583007812500 3500019
0.023010253906250 3499979
0.022399902343750 3500012
0.022766113281250 3499989
0.019165039062500 3499985
0.020507812500000 3500051
0.020507812500000 3499974
0.020385742187500 3500025
0.020507812500000 3499969
0.020263671875000 3500015
0.020812988281250 3499985
0.020263671875000 3499973
0.020263671875000 3500018
0.022094726562500 3500000
0.019165039062500 3499999
0.020324707031250 3500002
0.020263671875000 3500010
0.041015625000000 3499999
0.020141601562500 3499987
0.020690917968750 3500002
0.021789550781250 3500014
0.019165039062500 3499984
0.020202636718750 3500001
0.020507812500000 3499985
0.020507812500000 3500011
0.020690917968750 3500009
0.020141601562500 3499977
0.020935058593750 3500032
0.020202636718750 3499984
0.020385742187500 3500013
0.022888183593750 3499984
0.018676757812500 3500004
0.020324707031250 3500008
0.020324707031250 3499995
0.020324707031250 3499989
0.020812988281250 3500026
0.020324707031250 3499953
0.041137695312500 3500009
0.020324707031250 3499999
0.020324707031250 3500030
0.020324707031250 3500005
0.020812988281250 3499980
0.020324707031250 3499985
0.020324707031250 3500004
0.020812988281250 3500000
0.020019531250000 3500011
0.020568847656250 3500011
0.020751953125000 3499999
0.021728515625000 3499988
0.019165039062500 3499991
0.019958496093750 3500002
0.020690917968750 3500017
0.020263671875000 3499989
0.020324707031250 3499987
0.020690917968750 3500026
0.020141601562500 3499969
0.020812988281250 3499995
0.040588378906250 3500010
0.000000000000000 3500010
0.040832519531250 3500001
0.020812988281250 3499985
0.020996093750000 3500004
0.019714355468750 3499988
0.020263671875000 3500032
0.020874023437500 3499993
0.022216796875000 3500010
0.020568847656250 3499977
0.021057128906250 3500005
0.022521972656250 3499984
0.019897460937500 3500010
0.022216796875000 3500005
0.021667480468750 3499982
0.021179199218750 3500021
0.020935058593750 3500019
0.020385742187500 3499974
0.022033691406250 3499987
0.018676757812500 3500011
0.041015625000000 3499993
0.020324707031250 3499988
0.020812988281250 3500009
0.020263671875000 3500029
0.020446777343750 3499995
0.020812988281250 3499979
0.020446777343750 3500009
0.020263671875000 3499991
0.021972656250000 3500001
0.021789550781250 3499996
0.021362304687500 3500002
0.020568847656250 3500014
0.020996093750000 3499977
0.020202636718750 3500000
0.023193359375000 3500001
0.019897460937500 3500023
0.021972656250000 3499989
0.021911621093750 3499978
0.021423339843750 3500016
0.020568847656250 3499997
0.040771484375000 3500022
0.021362304687500 3499965
0.022094726562500 3499994
0.021728515625000 3500013
0.021667480468750 3500002
0.022399902343750 3499983
0.020996093750000 3500022
0.022460937500000 3500010
0.018676757812500 3499977
0.020324707031250 3499991
0.020263671875000 3500014
0.020874023437500 3500023
0.020202636718750 3499968
0.020874023437500 3500005
0.022216796875000 3500028
0.021667480468750 3499982
0.023681640625000 3499973
0.019897460937500 3500034
0.020507812500000 3499987
0.020812988281250 3500011
0.042968750000000 3499971
0.021972656250000 3499994
0.021606445312500 3500019
0.022155761718750 3500000
0.021118164062500 3499999
0.020385742187500 3500016
0.020507812500000 3499975
0.021911621093750 3500009
0.021057128906250 3499999
0.020690917968750 3500023
0.020446777343750 3499993
0.020996093750000 3499972
0.020324707031250 3500015
0.020812988281250 3499993
0.020507812500000 3500008
0.020263671875000 3499986
0.020507812500000 3500015
0.020324707031250 3500018
0.020263671875000 3499982
0.020690917968750 3499979
0.020324707031250 3500001
0.040771484375000 3500027
0.022033691406250 3499963
0.019165039062500 3500005
0.020385742187500 3500014
0.020385742187500 3500005
0.020385742187500 3499992
0.020507812500000 3499992
0.020385742187500 3500002
0.020385742187500 3500000
0.021362304687500 3500008
0.019897460937500 3499986
0.020690917968750 3500016
0.020385742187500 3500022
0.020324707031250 3499979
0.020324707031250 3499974
0.020874023437500 3500031
0.020202636718750 3500007
0.020385742187500 3499982
0.041442871093750 3499995
0.020202636718750 3499996
0.020812988281250 3500005
0.020385742187500 3500007
0.020507812500000 3500008
0.020263671875000 3499993
0.020690917968750 3499982
0.020324707031250 3500014
0.020324707031250 3500003
0.020568847656250 3499982
0.020568847656250 3499987
0.020507812500000 3500026
0.020507812500000 3499978
0.020080566406250 3500002
0.020812988281250 3500005
0.021179199218750 3500025
0.021606445312500 3499972
0.022277832031250 3500000
0.021972656250000 3499988
0.023559570312500 3500026
0.039794921875000 3500000
0.021667480468750 3499973
0.021972656250000 3500024
0.022949218750000 3500008
0.018676757812500 3499979
0.020568847656250 3499988
0.021789550781250 3499962
0.019287109375000 3500055
0.021850585937500 3499980
0.021240234375000 3500005
0.020935058593750 3500034
0.022338867187500 3499953
0.018371582031250 3500017
0.022155761718750 3500014
0.020874023437500 3499988
0.020141601562500 3499997
0.020507812500000 3500002
0.020507812500000 3499988
0.020812988281250 3500031
0.020324707031250 3499971
0.020507812500000 3500008
0.041015625000000 3499992
0.020446777343750 3500012
0.020568847656250 3500018
0.020874023437500 3499993
0.020385742187500 3499988
0.021728515625000 3499975
0.019348144531250 3500021
0.020324707031250 3500015
0.023498535156250 3499998
0.019897460937500 3499998
0.021911621093750 3500007
0.021972656250000 3499989
0.020812988281250 3499995
0.020507812500000 3500005
0.020263671875000 3499999
0.020690917968750 3499999
0.020568847656250 3499998
0.020507812500000 3500008
0.020263671875000 3499966
0.020507812500000 3500007
0.041198730468750 3499992
0.020507812500000 3500000
0.020507812500000 3500012
0.020324707031250 3499999
0.020507812500000 3499993
0.020690917968750 3500010
0.020202636718750 3499990
0.020690917968750 3500019
0.020568847656250 3499988
0.020751953125000 3500011
0.020324707031250 3499997
0.021179199218750 3499993
0.020507812500000 3500000
0.020874023437500 3500004
0.020568847656250 3499992
0.020568847656250 3499986
0.020385742187500 3500011
0.020874023437500 3499990
0.020446777343750 3500029
0.020202636718750 3500000
0.040954589843750 3499984
0.021301269531250 3499998
0.020446777343750 3500000
0.020202636718750 3500001
0.020751953125000 3500011
0.020324707031250 3499991
0.020568847656250 3499993
0.020385742187500 3499999
0.020568847656250 3500012
0.020202636718750 3499990
0.020507812500000 3500002
0.020507812500000 3500011
0.020263671875000 3499969
0.020751953125000 3500002
0.021423339843750 3500021
0.023376464843750 3500009
0.020446777343750 3499987
0.021911621093750 3500000
0.021911621093750 3500004
0.023620605468750 3499995
0.041503906250000 3499991
0.020751953125000 3499988
0.020568847656250 3500025
0.020507812500000 3499969
0.020263671875000 3500022
0.020324707031250 3499989
0.020690917968750 3500007
0.020202636718750 3500004
0.020690917968750 3499988
0.020629882812500 3500020
0.020385742187500 3499995
0.020263671875000 3499992
0.020812988281250 3500007
0.020324707031250 3499984
0.020568847656250 3500036
0.020507812500000 3499956
0.020019531250000 3500006
0.020812988281250 3500005
0.020324707031250 3500001
0.020263671875000 3500001
0.042297363281250 3499978
0.021667480468750 3500007
0.022155761718750 3499998
0.021545410156250 3500012
0.020690917968750 3500015
0.020812988281250 3499972
0.020690917968750 3500014
0.020812988281250 3499981
0.020996093750000 3500016
0.021423339843750 3500002
0.020568847656250 3500012
0.021301269531250 3499966
0.021179199218750 3500010
0.020507812500000 3499995
0.020568847656250 3500003
0.020812988281250 3500001
0.021179199218750 3500022
0.021667480468750 3499968
0.021850585937500 3500014
0.042175292968750 3499999
0.020812988281250 3499997
0.020202636718750 3500019
0.020690917968750 3499989
0.020324707031250 3499971
0.020507812500000 3500011
0.020568847656250 3500000
0.022216796875000 3500017
0.018676757812500 3499978
0.020324707031250 3500024
0.020263671875000 3500008
0.021911621093750 3499966
0.019226074218750 3500017
0.020324707031250 3500006
0.020324707031250 3499977
0.020751953125000 3500005
0.021850585937500 3499998
0.025817871093750 3500021
0.022949218750000 3499995
0.023010253906250 3499980
0.020690917968750 3500001
0.041137695312500 3500007
0.020324707031250 3499992
0.020263671875000 3500030
0.020812988281250 3499994
0.020324707031250 3499964
0.020751953125000 3500007
0.021484375000000 3500003
0.020568847656250 3500009
0.020019531250000 3499991
0.021057128906250 3500028
0.021545410156250 3499976
0.022033691406250 3500017
0.021789550781250 3499958
0.022094726562500 3500007
0.022888183593750 3500008
0.022033691406250 3500006
0.023742675781250 3499999
0.020324707031250 3500020
0.020629882812500 3500002
0.041076660156250 3499980
0.020507812500000 3500017
0.020568847656250 3499982
0.020385742187500 3500016
0.020141601562500 3499996
0.020812988281250 3499989
0.020019531250000 3500005
0.022216796875000 3499969
0.019104003906250 3500026
0.020507812500000 3500005
0.021606445312500 3499998
0.021667480468750 3500010
0.021606445312500 3499976
0.021850585937500 3500005
0.020324707031250 3499991
0.020324707031250 3499990
0.020568847656250 3500037
0.020324707031250 3499987
0.020507812500000 3499978
0.021423339843750 3500015
0.040039062500000 3499988
0.020507812500000 3500005
0.020507812500000 3500000
0.020446777343750 3500016
0.020751953125000 3499990
0.020568847656250 3499983
0.020263671875000 3500030
0.022155761718750 3499999
0.018676757812500 3499977
0.020507812500000 3500021
0.020507812500000 3499986
0.020263671875000 3499997
0.020507812500000 3499994
0.020812988281250 3500017
0.020507812500000 3499977
0.020019531250000 3500017
0.020690917968750 3499985
0.020385742187500 3500021
0.021972656250000 3499969
0.019165039062500 3500027
0.040527343750000 3500001
0.020812988281250 3499990
0.020263671875000 3500006
0.020385742187500 3500006
0.020507812500000 3500017
0.020507812500000 3499992
0.020263671875000 3499988
0.021057128906250 3499980
0.023437500000000 3499986
0.023071289062500 3500020
0.023071289062500 3499991
0.022644042968750 3499984
0.021362304687500 3500050
0.020507812500000 3499992
0.020812988281250 3499995
0.020263671875000 3499990
0.020324707031250 3499997
0.020385742187500 3500009
0.020568847656250 3499972
0.020568847656250 3500028
0.041198730468750 3499974
0.020812988281250 3500008
0.020690917968750 3499995
0.020568847656250 3500009
0.020507812500000 3500014
0.020446777343750 3499982
0.020324707031250 3499985
0.020568847656250 3500001
0.020507812500000 3500020
0.020263671875000 3499994
0.021789550781250 3500007
0.019165039062500 3499995
0.020507812500000 3500005
0.020507812500000 3500006
0.020263671875000 3499975
0.020263671875000 3500012
0.020568847656250 3500001
0.022705078125000 3500007
0.018188476562500 3499981
0.020507812500000 3500006
0.040832519531250 3499995
0.020507812500000 3500010
0.020812988281250 3499994
0.019958496093750 3500002
0.020812988281250 3499954
0.021057128906250 3500042
0.021240234375000 3499988
0.020507812500000 3500025
0.021972656250000 3499984
0.019714355468750 3499995
0.020202636718750 3500013
0.020507812500000 3500002
0.022155761718750 3499976
0.019165039062500 3500024
0.021850585937500 3499992
0.022216796875000 3499995
0.021362304687500 3500017
0.021728515625000 3499987
0.020263671875000 3500011
0.040710449218750 3499973
0.020751953125000 3500006
0.021057128906250 3500021
0.021789550781250 3499993
0.019165039062500 3500008
0.020874023437500 3499969
0.021667480468750 3500017
0.021667480468750 3500012
0.021972656250000 3499969
0.021606445312500 3500010
0.022644042968750 3499983
0.021667480468750 3500008
0.022216796875000 3500029
0.021850585937500 3499996
0.021911621093750 3499992
0.021667480468750 3499988
0.023376464843750 3499987
0.020385742187500 3500019
0.020812988281250 3499991
0.020019531250000 3499976
0.041931152343750 3500023
0.022949218750000 3500001
0.022644042968750 3500014
0.021667480468750 3499987
0.021484375000000 3499999
0.020629882812500 3499997
0.020568847656250 3500029
0.020324707031250 3499965
0.021728515625000 3500020
0.023010253906250 3499972
0.023010253906250 3500031
0.023254394531250 3499972
0.022216796875000 3500024
0.022338867187500 3500005
0.018676757812500 3499989
0.021057128906250 3499987
0.024475097656250 3500001
0.020874023437500 3500022
0.021789550781250 3499988
0.023254394531250 3500000
0.040344238281250 3500003
0.020812988281250 3499978
0.020202636718750 3500017
0.020690917968750 3499981
0.020141601562500 3499989
0.021972656250000 3500024
0.019165039062500 3500011
0.020202636718750 3499981
0.020812988281250 3500005
0.020324707031250 3500007
0.020202636718750 3499985
0.021545410156250 3500015
0.021606445312500 3500001
0.021911621093750 3500008
0.021911621093750 3499977
0.021118164062500 3499993
0.023620605468750 3500025
0.019897460937500 3499992
0.021545410156250 3499978
0.021362304687500 3500010
0.020568847656250 3500026
0.040832519531250 3499970
0.020202636718750 3500011
0.021240234375000 3500004
0.020812988281250 3499999
0.020324707031250 3499993
0.020507812500000 3500000
0.020507812500000 3500025
0.020507812500000 3499982
0.020202636718750 3499994
0.020935058593750 3499982
0.020263671875000 3500022
0.020446777343750 3499999
0.020996093750000 3499966
0.020568847656250 3500007
0.020446777343750 3500010
0.020812988281250 3499999
0.020324707031250 3500003
0.020263671875000 3500012
0.020812988281250 3499970
0.040527343750000 3500008
0.020507812500000 3499992
0.020507812500000 3500015
0.020385742187500 3499989
0.020324707031250 3499999
0.021118164062500 3500003
0.022033691406250 3500005
0.022277832031250 3500015
0.022216796875000 3499999
0.024169921875000 3499975
0.018615722656250 3500026
0.020996093750000 3499992
0.021362304687500 3500004
0.020935058593750 3499973
0.021057128906250 3500029
0.020751953125000 3500001
0.020935058593750 3499969
0.022277832031250 3500012
0.023193359375000 3500005
0.021972656250000 3499982
0.044677734375000 3500007
0.022033691406250 3499989
0.022827148437500 3500023
0.022338867187500 3499984
0.022277832031250 3499995
0.023254394531250 3500021
0.019958496093750 3499972
0.020996093750000 3500020
0.021057128906250 3499993
0.021301269531250 3500017
0.020996093750000 3499966
0.021240234375000 3500024
0.021057128906250 3499983
0.022949218750000 3500008
0.021118164062500 3499988
0.023925781250000 3500018
0.021728515625000 3499981
0.022949218750000 3500026
0.023315429687500 3499995
0.023620605468750 3500001
0.043029785156250 3499991
0.020996093750000 3500004
0.021057128906250 3499982
0.021301269531250 3500002
0.020996093750000 3500004
0.022277832031250 3499983
0.022460937500000 3500007
0.021301269531250 3500010
0.021362304687500 3500013
0.020874023437500 3499987
0.021118164062500 3499999
0.021179199218750 3499995
0.020812988281250 3500015
0.021240234375000 3499983
0.020568847656250 3500013
0.021362304687500 3499977
0.021057128906250 3500036
0.020568847656250 3499985
0.021057128906250 3499975
0.023437500000000 3499993
0.043395996093750 3500029
0.022399902343750 3500000
0.022277832031250 3499997
0.021484375000000 3499979
0.021057128906250 3499997
0.021057128906250 3500024
0.021423339843750 3499992
0.021667480468750 3500004
0.021057128906250 3499999
0.021301269531250 3499989
0.020507812500000 3500019
0.021057128906250 3499998
0.021362304687500 3500007
0.020812988281250 3499989
0.023376464843750 3499980
0.019104003906250 3500026
0.021789550781250 3499988
0.020996093750000 3499996
0.021911621093750 3500004
0.022399902343750 3499980
0.044921875000000 3500033
0.021545410156250 3499962
0.022155761718750 3500014
0.022766113281250 3500003
0.022277832031250 3499996
0.021667480468750 3500015
0.021850585937500 3499977
0.021240234375000 3500013
0.021179199218750 3500005
0.022216796875000 3499976
0.022644042968750 3500023
0.022399902343750 3499999
0.022155761718750 3500001
0.022277832031250 3499998
0.021789550781250 3499998
0.021789550781250 3499992
0.021850585937500 3499996
0.023437500000000 3500022
0.019165039062500 3499991
0.021606445312500 3500005
0.044311523437500 3499970
0.021911621093750 3500048
0.022766113281250 3499956
0.019165039062500 3499999
0.020812988281250 3500014
0.020935058593750 3499994
0.021057128906250 3499991
0.021057128906250 3500011
0.020935058593750 3499976
0.020874023437500 3500023
0.020935058593750 3499981
0.021057128906250 3500015
0.022094726562500 3499990
0.023376464843750 3500007
0.023376464843750 3500001
0.023010253906250 3500017
0.021240234375000 3499982
0.022583007812500 3500004
0.019165039062500 3499985
0.021362304687500 3500002
0.045227050781250 3500008
0.021240234375000 3500013
0.021118164062500 3499977
0.022094726562500 3499993
0.022583007812500 3500025
0.022277832031250 3499989
0.022399902343750 3499999
0.021911621093750 3500005
0.022766113281250 3500007
0.022338867187500 3499974
0.022460937500000 3500016
0.022521972656250 3500008
0.023071289062500 3499972
0.022399902343750 3500030
0.021606445312500 3499993
0.021972656250000 3500006
0.021972656250000 3499978
0.021606445312500 3500008
0.021789550781250 3500004
0.022155761718750 3500003
0.044921875000000 3500012
0.000000000000000 3499998
0.043762207031250 3499936
0.020996093750000 3500017
0.021667480468750 3500039
0.021972656250000 3500000
0.021728515625000 3499986
0.021057128906250 3499997
0.020812988281250 3500012
0.021362304687500 3500004
0.020935058593750 3499973
0.020812988281250 3500044
0.021057128906250 3499964
0.022399902343750 3499983
0.019653320312500 3500009
0.020690917968750 3500021
0.021057128906250 3499997
0.021118164062500 3499994
0.022583007812500 3500008
0.022094726562500 3500006
0.044677734375000 3499992
0.000000000000000 3499984
0.041931152343750 3500002
0.021484375000000 3500012
0.021057128906250 3499986
0.021301269531250 3499994
0.021362304687500 3499997
0.020812988281250 3500005
0.020874023437500 3499994
0.023498535156250 3500022
0.023498535156250 3499989
0.023498535156250 3500021
0.024047851562500 3499963
0.022460937500000 3500018
0.022644042968750 3500016
0.022277832031250 3499975
0.023193359375000 3500014
0.021728515625000 3500012
0.021179199218750 3499990
0.022460937500000 3499992
0.043334960937500 3499979
0.020812988281250 3500021
0.020935058593750 3500001
0.021057128906250 3500000
0.021057128906250 3499979
0.020812988281250 3500030
0.021057128906250 3499993
0.021240234375000 3499973
0.021057128906250 3500009
0.020507812500000 3500029
0.021423339843750 3499976
0.020812988281250 3500013
0.021057128906250 3499989
0.021057128906250 3500011
0.020507812500000 3499970
0.021057128906250 3500012
0.021911621093750 3500012
0.021423339843750 3500004
0.021606445312500 3499972
0.021179199218750 3500007
0.022033691406250 3499992
0.044982910156250 3500031
0.022338867187500 3499979
0.021484375000000 3500018
0.021057128906250 3499993
0.022033691406250 3499999
0.019714355468750 3499986
0.020812988281250 3500011
0.021301269531250 3499992
0.020935058593750 3500003
0.022094726562500 3499982
0.021423339843750 3500024
0.021667480468750 3499985
0.021545410156250 3499999
0.021850585937500 3500002
0.023803710937500 3500000
0.020324707031250 3499987
0.022338867187500 3499998
0.022216796875000 3500021
0.020812988281250 3500019
0.042541503906250 3499990
0.020996093750000 3499994
0.021545410156250 3499983
0.020812988281250 3500023
0.021362304687500 3500002
0.021057128906250 3499959
0.020507812500000 3500015
0.021362304687500 3500013
0.021484375000000 3500007
0.021240234375000 3499998
0.021606445312500 3499966
0.022644042968750 3500035
0.019165039062500 3499988
0.021606445312500 3499978
0.021667480468750 3500020
0.022705078125000 3500014
0.022155761718750 3499977
0.022033691406250 3500014
0.021240234375000 3500007
0.020935058593750 3499991
0.043945312500000 3499982
0.021484375000000 3500019
0.021118164062500 3500003
0.021362304687500 3499980
0.021240234375000 3500003
0.021057128906250 3500017
0.021057128906250 3499974
0.020935058593750 3500000
0.020996093750000 3500008
0.022094726562500 3499990
0.022766113281250 3500006
0.022216796875000 3499983
0.021972656250000 3500018
0.021362304687500 3500017
0.020874023437500 3499979
0.020812988281250 3499993
0.021057128906250 3500017
0.022827148437500 3500012
0.019165039062500 3499994
0.042175292968750 3499974
0.021057128906250 3499997
0.020812988281250 3500019
0.021057128906250 3500016
0.021728515625000 3499961
0.022277832031250 3500008
0.022338867187500 3499999
0.022766113281250 3500002
0.022155761718750 3499994
0.020996093750000 3499977
0.023376464843750 3500050
0.019165039062500 3499979
0.023315429687500 3499999
0.021301269531250 3499999
0.021057128906250 3499996
0.021057128906250 3500000
0.020935058593750 3500013
0.021118164062500 3499995
0.022338867187500 3499991
0.019653320312500 3500012
0.043457031250000 3500002
0.022644042968750 3499983
0.022216796875000 3500000
0.022521972656250 3500003
0.022644042968750 3500010
0.024658203125000 3499994
0.019287109375000 3500010
0.021545410156250 3499980
0.022766113281250 3500017
0.023437500000000 3499995
0.022949218750000 3499986
0.022216796875000 3500002
0.024414062500000 3500010
0.020385742187500 3499997
0.022766113281250 3499991
0.021911621093750 3500006
0.021057128906250 3499999
0.021362304687500 3500001
0.020935058593750 3499981
0.021057128906250 3499994
0.041992187500000 3500014
0.020874023437500 3500004
0.022766113281250 3500014
0.020874023437500 3499966
0.022155761718750 3500046
0.022399902343750 3499979
0.022338867187500 3500005
0.021484375000000 3499975
0.020996093750000 3500037
0.020874023437500 3499979
0.020874023437500 3500003
0.022155761718750 3500003
0.022399902343750 3500002
0.021911621093750 3499991
0.023071289062500 3499990
0.022583007812500 3500000
0.022460937500000 3500013
0.024108886718750 3500000
0.020019531250000 3500005
0.021118164062500 3499995
0.042053222656250 3500011
0.021240234375000 3499988
0.022766113281250 3499970
0.022216796875000 3500005
0.022216796875000 3500027
0.022460937500000 3499992
0.020874023437500 3499973
0.021057128906250 3500021
0.021057128906250 3500007
0.020812988281250 3500009
0.021240234375000 3499990
0.020812988281250 3499983
0.021057128906250 3500013
0.020812988281250 3500003
0.020812988281250 3499977
0.021240234375000 3500003
0.021057128906250 3499999
0.020812988281250 3500031
0.021057128906250 3500000
0.021118164062500 3499986
0.042053222656250 3499981
0.020812988281250 3500005
0.020874023437500 3499998
0.021423339843750 3500006
0.020996093750000 3500004
0.021118164062500 3500020
0.021057128906250 3499985
0.021057128906250 3499980
0.021118164062500 3499999
0.021301269531250 3500035
0.020690917968750 3499968
0.021057128906250 3500004
0.021667480468750 3499992
0.021179199218750 3500001
0.021179199218750 3500027
0.020874023437500 3499980
0.020812988281250 3500002
0.021850585937500 3499998
0.020202636718750 3499991
0.020812988281250 3500002
0.042053222656250 3500023
0.022705078125000 3499970
0.019165039062500 3500015
0.021484375000000 3500007
0.021179199218750 3499970
0.021484375000000 3500012
0.022949218750000 3500006
0.019592285156250 3499996
0.021057128906250 3500011
0.021057128906250 3500000
0.023620605468750 3499990
0.018798828125000 3499983
0.022827148437500 3500016
0.019104003906250 3499993
0.021362304687500 3499995
0.020874023437500 3500017
0.021057128906250 3500001
0.020935058593750 3499994
0.020812988281250 3500010
0.021362304687500 3499992
0.041625976562500 3499996
0.021972656250000 3499943
0.021240234375000 3500062
0.022155761718750 3499969
0.023254394531250 3500037
0.020141601562500 3499986
0.021545410156250 3500022
0.023132324218750 3499985
0.019531250000000 3499979
0.020751953125000 3500020
0.021667480468750 3499991
0.021301269531250 3499983
0.021301269531250 3500015
0.021545410156250 3499978
0.021179199218750 3500026
0.021484375000000 3500005
0.020690917968750 3500006
0.020812988281250 3499991
0.021057128906250 3499998
0.041870117187500 3500006
0.000000000000000 3499966
0.042663574218750 3500006
0.023681640625000 3500021
0.022766113281250 3500021
0.022338867187500 3499942
0.022583007812500 3500014
0.023559570312500 3500026
0.023010253906250 3500005
0.022949218750000 3499984
0.022338867187500 3499982
0.021423339843750 3500009
0.021240234375000 3500006
0.021118164062500 3499996
0.020812988281250 3500019
0.021301269531250 3499995
0.020935058593750 3499997
0.020935058593750 3499985
0.020874023437500 3500019
0.021057128906250 3499997
0.021301269531250 3499995
0.041992187500000 3499976
0.022155761718750 3499996
0.019653320312500 3500045
0.021057128906250 3499979
0.020874023437500 3499995
0.020812988281250 3500004
0.021057128906250 3499975
0.021057128906250 3500019
0.021667480468750 3500001
0.023742675781250 3499984
0.025390625000000 3500011
0.020629882812500 3499994
0.022033691406250 3499995
0.020507812500000 3499998
0.021057128906250 3500008
0.021362304687500 3499985
0.020935058593750 3500037
0.022033691406250 3499974
0.020812988281250 3500006
0.021545410156250 3499989
0.042114257812500 3500028
0.020935058593750 3500001
0.020812988281250 3499990
0.021057128906250 3499986
0.021057128906250 3500019
0.020874023437500 3499993
0.021362304687500 3500006
0.020507812500000 3499980
0.021057128906250 3500026
0.021362304687500 3499993
0.020812988281250 3499980
0.021057128906250 3500013
0.021057128906250 3499992
0.020935058593750 3500009
0.021057128906250 3499984
0.020690917968750 3500020
0.020996093750000 3499993
0.022338867187500 3500005
0.020751953125000 3499985
0.043762207031250 3499976
0.000000000000000 3500022
0.043579101562500 3499994
0.021423339843750 3499991
0.021057128906250 3500012
0.021240234375000 3500010
0.021179199218750 3499972
0.021362304687500 3500005
0.020874023437500 3500012
0.020812988281250 3500004
0.021362304687500 3499989
0.020812988281250 3500008
0.020812988281250 3500024
0.020812988281250 3499965
0.021362304687500 3499993
0.021057128906250 3500028
0.022705078125000 3499988
0.019165039062500 3500008
0.020812988281250 3499966
0.021240234375000 3500007
0.041992187500000 3500017
0.020812988281250 3499992
0.020812988281250 3499995
0.021057128906250 3500019
0.021057128906250 3499997
0.020812988281250 3499979
0.021301269531250 3500005
0.020751953125000 3500007
0.020874023437500 3499989
0.021362304687500 3499996
0.020874023437500 3500024
0.021118164062500 3499990
0.020996093750000 3500015
0.020812988281250 3499982
0.021240234375000 3499985
0.020812988281250 3500006
0.020812988281250 3500026
0.021057128906250 3499967
0.020935058593750 3500021
0.021362304687500 3499996
0.020568847656250 3499994
0.021362304687500 3499990
0.041809082031250 3500013
0.020935058593750 3499989
0.020874023437500 3500008
0.021057128906250 3499990
0.021362304687500 3500011
0.020812988281250 3499986
0.020812988281250 3500012
0.021301269531250 3500000
0.020812988281250 3500020
0.020812988281250 3499984
0.020812988281250 3499979
0.021362304687500 3500030
0.021118164062500 3499978
0.020507812500000 3500025
0.021118164062500 3499965
0.021118164062500 3500001
0.020874023437500 3500010
0.021423339843750 3500007
0.020935058593750 3500001
0.042297363281250 3499996
0.022399902343750 3499997
0.024780273437500 3499997
0.019409179687500 3499996
0.023376464843750 3500031
0.018615722656250 3499984
0.022949218750000 3499967
0.019470214843750 3500012
0.021057128906250 3500012
0.022766113281250 3500000
0.019592285156250 3499970
0.022644042968750 3500009
0.022338867187500 3500017
0.022338867187500 3499990
0.022644042968750 3500019
0.021667480468750 3500002
0.020812988281250 3500004
0.021057128906250 3499972
0.021057128906250 3500008
0.020996093750000 3500001
0.041992187500000 3499997
0.021362304687500 3500020
0.020812988281250 3499975
0.020812988281250 3500002
0.021057128906250 3500011
0.020935058593750 3499994
0.021240234375000 3500001
0.020874023437500 3500002
0.020874023437500 3500002
0.021118164062500 3499984
0.022216796875000 3500013
0.022155761718750 3499989
0.022644042968750 3499978
0.022155761718750 3500019
0.021606445312500 3500002
0.020812988281250 3499990
0.020812988281250 3500012
0.022460937500000 3499980
0.020019531250000 3500014
0.041992187500000 3500001
0.021301269531250 3500012
0.021911621093750 3499981
0.022583007812500 3500011
0.022216796875000 3499981
0.022338867187500 3500005
0.021606445312500 3500021
0.020935058593750 3499990
0.020812988281250 3500004
0.021118164062500 3499983
0.021240234375000 3500022
0.020996093750000 3499998
0.020812988281250 3499993
0.021118164062500 3499978
0.021118164062500 3500007
0.021179199218750 3500013
0.022094726562500 3499982
0.022155761718750 3500007
0.021545410156250 3499993
0.021301269531250 3500017
0.042297363281250 3499965
0.021972656250000 3500022
0.022399902343750 3499997
0.022033691406250 3500008
0.022094726562500 3499972
0.021423339843750 3500028
0.021057128906250 3499984
0.022460937500000 3499988
0.023376464843750 3500004
0.021850585937500 3500010
0.021118164062500 3500004
0.023010253906250 3500001
0.019226074218750 3499981
0.021057128906250 3500031
0.020935058593750 3499985
0.020935058593750 3499991
0.021057128906250 3500007
0.021057128906250 3499987
0.020996093750000 3500035
0.020935058593750 3499954
0.042053222656250 3500017
0.022277832031250 3499994
0.020202636718750 3500029
0.020935058593750 3499984
0.021057128906250 3500015
0.020935058593750 3499999
0.020935058593750 3499997
0.021118164062500 3499969
0.020812988281250 3500031
0.021118164062500 3499995
0.021057128906250 3499976
0.020874023437500 3499979
0.020996093750000 3500044
0.022399902343750 3499978
0.020812988281250 3500021
0.021362304687500 3499988
0.020812988281250 3500012
0.020874023437500 3499994
0.023010253906250 3499985
0.020935058593750 3500024
0.022399902343750 3499956
0.045532226562500 3500018
0.023193359375000 3500005
0.021728515625000 3499996
0.021240234375000 3500003
0.021179199218750 3500017
0.021850585937500 3499992
0.020202636718750 3499979
0.021179199218750 3500010
0.021057128906250 3500027
0.020812988281250 3499969
0.021057128906250 3499976
0.020874023437500 3500043
0.021362304687500 3499996
0.020507812500000 3499979
0.021484375000000 3499986
0.020812988281250 3500012
0.020812988281250 3500009
0.021728515625000 3499988
0.023315429687500 3500022
0.022583007812500 3499985
0.044860839843750 3500017
0.020996093750000 3499986
0.022705078125000 3499987
0.019165039062500 3500000
0.021545410156250 3500023
0.022155761718750 3499986
0.022399902343750 3500014
0.022277832031250 3500001
0.021911621093750 3499979
0.021179199218750 3500012
0.023254394531250 3499999
0.019104003906250 3500008
0.020507812500000 3499987
0.021057128906250 3500018
0.022033691406250 3499981
0.020202636718750 3499981
0.020874023437500 3500019
0.023132324218750 3500009
0.018615722656250 3499999
0.042358398437500 3499987
0.020812988281250 3499996
0.021118164062500 3500019
0.020690917968750 3499975
0.021057128906250 3500019
0.020935058593750 3499987
0.021240234375000 3500016
0.021057128906250 3499989
0.021057128906250 3499966
0.021057128906250 3500023
0.020935058593750 3500004
0.020690917968750 3500005
0.021057128906250 3499997
0.020996093750000 3499996
0.021057128906250 3499993
0.020935058593750 3500020
0.021057128906250 3499981
0.021057128906250 3500014
0.021057128906250 3499954
0.021057128906250 3500036
0.045043945312500 3500004
0.024169921875000 3500009
0.024475097656250 3499975
0.024353027343750 3500027
0.021972656250000 3499980
0.021972656250000 3499994
0.021911621093750 3499970
0.021789550781250 3500058
0.024536132812500 3499980
0.020385742187500 3499999
0.022460937500000 3500001
0.022766113281250 3499987
0.023010253906250 3499982
0.022888183593750 3500013
0.022399902343750 3499999
0.021545410156250 3500009
0.021362304687500 3500022
0.021118164062500 3499997
0.020507812500000 3499985
0.042236328125000 3499986
0.021057128906250 3500015
0.020935058593750 3500007
0.021179199218750 3499996
0.021728515625000 3500011
0.022277832031250 3499978
0.019653320312500 3500000
0.021057128906250 3499982
0.021118164062500 3500010
0.021118164062500 3500020
0.021118164062500 3499963
0.021118164062500 3500027
0.022399902343750 3500013
0.022399902343750 3499993
0.022216796875000 3499990
0.021911621093750 3499985
0.021545410156250 3500031
0.021118164062500 3499982
0.022827148437500 3499998
0.019714355468750 3500000
0.041809082031250 3500016
0.021484375000000 3499988
0.021057128906250 3500005
0.021118164062500 3499995
0.021240234375000 3499991
0.023437500000000 3499958
0.020080566406250 3500042
0.020812988281250 3499992
0.021057128906250 3500027
0.021118164062500 3500003
0.020874023437500 3499989
0.021362304687500 3499994
0.020935058593750 3499973
0.020812988281250 3500009
0.022216796875000 3499997
0.019653320312500 3500025
0.020935058593750 3499947
0.021362304687500 3500036
0.020874023437500 3500012
0.020812988281250 3500010
0.041870117187500 3499996
0.021606445312500 3499994
0.021423339843750 3499982
0.021362304687500 3499989
0.021057128906250 3500016
0.022521972656250 3500007
0.019653320312500 3499964
0.022766113281250 3500036
0.021789550781250 3499984
0.020812988281250 3500010
0.021057128906250 3500000
0.020690917968750 3499997
0.021301269531250 3499994
0.022277832031250 3499998
0.019653320312500 3500006
0.021057128906250 3500019
0.020812988281250 3499968
0.021057128906250 3500027
0.022460937500000 3499992
0.019165039062500 3499994
0.042663574218750 3499998
0.022766113281250 3500007
0.022216796875000 3500002
0.021301269531250 3500005
0.021362304687500 3499987
0.023376464843750 3500006
0.019897460937500 3500000
0.021606445312500 3499977
0.021789550781250 3500017
0.023193359375000 3499998
0.022766113281250 3499984
0.022583007812500 3500006
0.022521972656250 3499988
0.022705078125000 3500042
0.022399902343750 3499957
0.023193359375000 3500018
0.023376464843750 3499997
0.021057128906250 3499982
0.020751953125000 3499995
0.021240234375000 3500018
0.041687011718750 3499996
0.021057128906250 3500000
0.020996093750000 3500009
0.022216796875000 3499987
0.022583007812500 3499999
0.022399902343750 3499999
0.022949218750000 3500012
0.023498535156250 3500001
0.024780273437500 3500017
0.024047851562500 3499973
0.023986816406250 3500005
0.022705078125000 3499993
0.021179199218750 3500030
0.020812988281250 3499957
0.021118164062500 3500001
0.020812988281250 3500010
0.021362304687500 3499998
0.020874023437500 3500012
0.021118164062500 3499997
0.020812988281250 3499997
0.041870117187500 3500012
0.021057128906250 3500002
0.020812988281250 3499985
0.022827148437500 3500003
0.019104003906250 3500008
0.021118164062500 3499991
0.020874023437500 3500009
0.021118164062500 3500008
0.021057128906250 3499988
0.020874023437500 3499993
0.021179199218750 3499984
0.023254394531250 3499998
0.018615722656250 3500037
0.021362304687500 3499975
0.021057128906250 3499996
0.020568847656250 3500017
0.021057128906250 3499992
0.021057128906250 3499980
0.021057128906250 3499999
0.021240234375000 3500028
0.041564941406250 3500002
0.021423339843750 3499973
0.020812988281250 3500013
0.021057128906250 3500009
0.020874023437500 3499976
0.021545410156250 3500007
0.022155761718750 3500001
0.021972656250000 3500001
0.022155761718750 3500013
0.021911621093750 3499977
0.021118164062500 3500017
0.021057128906250 3500004
0.021301269531250 3499975
0.021179199218750 3500002
0.022583007812500 3499995
0.022949218750000 3500002
0.022399902343750 3499989
0.021606445312500 3500022
0.021545410156250 3499996
0.020812988281250 3500022
0.042480468750000 3499969
0.021484375000000 3499989
0.021240234375000 3500037
0.021789550781250 3499973
0.020812988281250 3500016
0.023254394531250 3499985
0.019531250000000 3499987
0.021179199218750 3500008
0.021423339843750 3500007
0.020996093750000 3500003
0.021057128906250 3500000
0.020935058593750 3500001
0.020812988281250 3499999
0.022399902343750 3500017
0.019714355468750 3499996
0.020874023437500 3499977
0.021240234375000 3500001
0.020812988281250 3499988
0.021057128906250 3500031
0.020935058593750 3499923
0.043762207031250 3500054
0.022155761718750 3500004
0.022094726562500 3499985
0.021789550781250 3500027
0.021484375000000 3499972
0.021423339843750 3500010
0.022155761718750 3499998
0.020629882812500 3500030
0.022277832031250 3499963
0.022399902343750 3500007
0.022399902343750 3500001
0.021240234375000 3500017
0.021362304687500 3499967
0.022460937500000 3499998
0.019165039062500 3500011
0.021423339843750 3500015
0.020812988281250 3499978
0.020812988281250 3500019
0.023498535156250 3499986
0.019592285156250 3499988
0.042175292968750 3499999
0.021057128906250 3500033
0.022216796875000 3499993
0.023132324218750 3499990
0.023010253906250 3499977
0.022155761718750 3500030
0.023925781250000 3499967
0.024597167968750 3500030
0.023559570312500 3499983
0.023559570312500 3499996
0.023498535156250 3500016
0.025329589843750 3500004
0.021240234375000 3500010
0.022521972656250 3499968
0.022521972656250 3500005
0.022460937500000 3500009
0.022521972656250 3500012
0.022583007812500 3499977
0.022216796875000 3500035
0.044921875000000 3499994
0.022216796875000 3499965
0.021850585937500 3500031
0.021057128906250 3499987
0.022705078125000 3500000
0.023681640625000 3500002
0.024780273437500 3500011
0.020446777343750 3499992
0.022705078125000 3499992
0.022521972656250 3499980
0.022521972656250 3500007
0.021423339843750 3499988
0.021057128906250 3500006
0.021240234375000 3500008
0.022644042968750 3499990
0.021667480468750 3500016
0.024230957031250 3499986
0.019592285156250 3500016
0.022216796875000 3499979
0.022583007812500 3500000
0.022827148437500 3499989
0.044189453125000 3500047
0.022399902343750 3499974
0.022399902343750 3499990
0.022155761718750 3500007
0.021484375000000 3499993
0.020935058593750 3500013
0.021301269531250 3499997
0.020812988281250 3500007
0.020812988281250 3500002
0.021850585937500 3499975
0.022399902343750 3500009
0.022399902343750 3500013
0.021118164062500 3499974
0.021179199218750 3500003
0.021057128906250 3500012
0.021057128906250 3499978
0.022583007812500 3500010
0.020935058593750 3500016
0.022827148437500 3499970
0.022094726562500 3500010
0.044616699218750 3500005
0.000000000000000 3500003
0.043640136718750 3499992
0.021179199218750 3500014
0.021301269531250 3499977
0.021240234375000 3500018
0.022705078125000 3499994
0.019531250000000 3500007
0.021850585937500 3499980
0.021362304687500 3500034
0.021423339843750 3499976
0.021118164062500 3500000
0.021179199218750 3500013
0.021606445312500 3500019
0.021240234375000 3499960
0.021240234375000 3500039
0.021301269531250 3499966
0.021057128906250 3500010
0.022033691406250 3499995
0.020263671875000 3500027
0.041931152343750 3499970
0.020812988281250 3499988
0.020996093750000 3500016
0.021118164062500 3500016
0.021057128906250 3499982
0.021118164062500 3500000
0.020874023437500 3500030
0.020935058593750 3499971
0.023681640625000 3500001
0.019104003906250 3500005
0.021728515625000 3499993
0.021301269531250 3500010
0.021118164062500 3499991
0.021057128906250 3499986
0.021057128906250 3500016
0.020812988281250 3499990
0.020812988281250 3500018
0.021118164062500 3499984
0.020812988281250 3499992
0.022583007812500 3500016
0.040893554687500 3499988
0.020935058593750 3499999
0.021057128906250 3500003
0.020812988281250 3500010
0.021057128906250 3499987
0.020812988281250 3500027
0.021484375000000 3499979
0.020935058593750 3500013
0.021301269531250 3499966
0.020690917968750 3500038
0.021057128906250 3499987
0.021057128906250 3499991
0.021118164062500 3499989
0.021057128906250 3500008
0.022094726562500 3500022
0.019714355468750 3499967
0.020874023437500 3500015
0.021484375000000 3499956
0.022644042968750 3500038
0.020202636718750 3499988
0.044006347656250 3500022
0.021545410156250 3500000
0.021179199218750 3499995
0.020935058593750 3499993
0.021301269531250 3500009
0.020507812500000 3500004
0.021118164062500 3499985
0.021118164062500 3500011
0.021850585937500 3499984
0.022766113281250 3499995
0.023986816406250 3500009
0.021118164062500 3500010
0.022766113281250 3499978
0.022949218750000 3500016
0.022949218750000 3500001
0.022949218750000 3499989
0.021850585937500 3499987
0.024841308593750 3500012
0.019714355468750 3499988
0.043395996093750 3500012
0.021728515625000 3499997
0.021362304687500 3500013
0.021728515625000 3499987
0.021850585937500 3500015
0.021667480468750 3499976
0.021057128906250 3500018
0.021667480468750 3499990
0.022521972656250 3500005
0.022766113281250 3500001
0.022766113281250 3499999
0.022766113281250 3499998
0.021545410156250 3499995
0.021362304687500 3499998
0.020812988281250 3500005
0.021179199218750 3500007
0.021118164062500 3499991
0.023803710937500 3500009
0.019836425781250 3499973
0.021423339843750 3500012
0.022399902343750 3500002
0.044555664062500 3499998
0.021972656250000 3499998
0.021484375000000 3500003
0.021057128906250 3500001
0.020935058593750 3500006
0.021057128906250 3499993
0.021362304687500 3500003
0.021118164062500 3499997
0.021606445312500 3500003
0.022827148437500 3499996
0.019836425781250 3500027
0.021118164062500 3499975
0.022277832031250 3499992
0.022521972656250 3499995
0.022277832031250 3499989
0.021606445312500 3500013
0.021362304687500 3500002
0.021484375000000 3500016
0.021179199218750 3499975
0.043090820312500 3500027
0.021362304687500 3499958
0.023132324218750 3499999
0.024230957031250 3500031
0.023010253906250 3499980
0.022827148437500 3499997
0.021362304687500 3500013
0.021484375000000 3500022
0.021362304687500 3500000
0.021789550781250 3499965
0.021850585937500 3500014
0.022155761718750 3499997
0.022460937500000 3500011
0.022277832031250 3499982
0.021179199218750 3500031
0.021240234375000 3499993
0.021057128906250 3499985
0.021057128906250 3500013
0.021118164062500 3499989
0.021423339843750 3500011
0.042175292968750 3499962
0.020874023437500 3500043
0.020935058593750 3500003
0.021118164062500 3499961
0.020812988281250 3500002
0.021057128906250 3500020
0.021606445312500 3500007
0.021057128906250 3499997
0.021057128906250 3499994
0.020812988281250 3500011
0.022277832031250 3499978
0.021301269531250 3499995
0.020874023437500 3500009
0.022338867187500 3499976
0.020141601562500 3500016
0.021850585937500 3499981
0.022705078125000 3500011
0.020874023437500 3499951
0.021301269531250 3500067
0.022094726562500 3499981
0.043823242187500 3499996
0.021057128906250 3500022
0.021484375000000 3499988
0.021057128906250 3499993
0.021362304687500 3500021
0.021545410156250 3499997
0.021484375000000 3499991
0.021240234375000 3500008
0.021789550781250 3499986
0.021362304687500 3500003
0.021301269531250 3500002
0.021545410156250 3499989
0.021423339843750 3499998
0.022766113281250 3500028
0.020019531250000 3499972
0.021301269531250 3500029
0.021728515625000 3499996
0.020874023437500 3499986
0.022521972656250 3499977
0.019897460937500 3500032
0.021606445312500 3499995
0.042419433593750 3499984
0.021667480468750 3500015
0.022583007812500 3499975
0.022033691406250 3500040
0.022705078125000 3499965
0.021789550781250 3500007
0.021667480468750 3500002
0.020812988281250 3499997
0.021606445312500 3499999
0.023132324218750 3500005
0.018798828125000 3500018
0.021362304687500 3499998
0.021118164062500 3499969
0.021423339843750 3500016
0.022155761718750 3499995
0.022460937500000 3500015
0.022460937500000 3499985
0.022705078125000 3499990
0.022155761718750 3499993
0.045288085937500 3500020
0.022094726562500 3499977
0.021240234375000 3500023
0.020812988281250 3499998
0.021423339843750 3500007
0.020935058593750 3499978
0.021362304687500 3500005
0.020751953125000 3499997
0.022888183593750 3499992
0.019348144531250 3500005
0.021606445312500 3500013
0.023498535156250 3499994
0.018859863281250 3499994
0.022766113281250 3499986
0.019958496093750 3500029
0.021240234375000 3500006
0.021423339843750 3499982
0.021728515625000 3499997
0.020874023437500 3500005
0.021911621093750 3500006
0.042480468750000 3499998
0.021118164062500 3499991
0.021545410156250 3499980
0.021057128906250 3500045
0.021667480468750 3499959
0.020874023437500 3499996
0.021240234375000 3500008
0.021667480468750 3499985
0.020935058593750 3500042
0.021301269531250 3499997
0.020935058593750 3499988
0.020935058593750 3499987
0.021606445312500 3500016
0.021240234375000 3499998
0.020935058593750 3500016
0.020935058593750 3499984
0.021118164062500 3499990
0.021423339843750 3499996
0.020812988281250 3500010
0.021057128906250 3499985
0.021301269531250 3500012
0.041564941406250 3499995
0.021240234375000 3500007
0.021667480468750 3500003
0.022155761718750 3499994
0.022766113281250 3499981
0.022155761718750 3500007
0.021667480468750 3500016
0.021362304687500 3499984
0.020874023437500 3500013
0.021850585937500 3499991
0.022644042968750 3500002
0.021362304687500 3499987
0.021911621093750 3500020
0.023132324218750 3499972
0.021728515625000 3500042
0.021362304687500 3499971
0.021301269531250 3500001
0.020935058593750 3500013
0.021179199218750 3499985
0.021362304687500 3500010
0.042419433593750 3499984
0.021423339843750 3499999
0.021362304687500 3500002
0.020812988281250 3500006
0.020935058593750 3499986
0.021057128906250 3500015
0.021057128906250 3500004
0.020874023437500 3500008
0.021057128906250 3499984
0.020812988281250 3499993
0.022460937500000 3500028
0.019653320312500 3499986
0.021118164062500 3500001
0.022338867187500 3499992
0.019775390625000 3499989
0.022583007812500 3500014
0.019165039062500 3500003
0.021179199218750 3499987
0.043334960937500 3500016
0.022644042968750 3499993
0.022827148437500 3500010
0.022521972656250 3499992
0.024963378906250 3499984
0.020507812500000 3500001
0.021850585937500 3500009
0.021240234375000 3499991
0.020935058593750 3499996
0.021362304687500 3500019
0.020874023437500 3499987
0.020874023437500 3499990
0.021972656250000 3500016
0.020202636718750 3499990
0.020690917968750 3500006
0.021423339843750 3500000
0.021057128906250 3500020
0.022399902343750 3499991
0.019226074218750 3499985
0.022644042968750 3500004
0.043518066406250 3499995
0.021362304687500 3500014
0.021423339843750 3499985
0.020812988281250 3499997
0.021057128906250 3500002
0.021972656250000 3500011
0.023010253906250 3499987
0.022277832031250 3500005
0.022705078125000 3499986
0.022155761718750 3499999
0.022155761718750 3500035
0.022644042968750 3499977
0.022155761718750 3499994
0.021911621093750 3500024
0.021850585937500 3499974
0.022155761718750 3500021
0.024780273437500 3499989
0.019836425781250 3500005
0.022460937500000 3499983
0.022705078125000 3499998
0.044067382812500 3500001
0.020507812500000 3500005
0.021057128906250 3500011
0.021301269531250 3499975
0.022583007812500 3500009
0.020996093750000 3500001
0.021057128906250 3500020
0.020812988281250 3499982
0.021057128906250 3499989
0.020935058593750 3500006
0.021118164062500 3500016
0.020935058593750 3499975
0.021057128906250 3499997
0.020874023437500 3499965
0.021057128906250 3500072
0.021179199218750 3499956
0.020935058593750 3500012
0.020874023437500 3499990
0.022888183593750 3500020
0.019653320312500 3500007
0.041687011718750 3499995
0.021057128906250 3499976
0.020996093750000 3500007
0.021240234375000 3500015
0.020568847656250 3500010
0.021240234375000 3499961
0.020935058593750 3500021
0.021118164062500 3500000
0.020874023437500 3499990
0.021057128906250 3500006
0.021057128906250 3499978
0.021118164062500 3500036
0.020568847656250 3499991
0.021057128906250 3499992
0.022521972656250 3499983
0.019653320312500 3500005
0.021240234375000 3500029
0.020935058593750 3499985
0.021057128906250 3499970
0.020690917968750 3500034
0.042053222656250 3499976
0.021057128906250 3500023
0.020935058593750 3500002
0.021057128906250 3499992
0.021057128906250 3500014
0.021240234375000 3500003
0.020812988281250 3499977
0.021057128906250 3499998
0.020996093750000 3499989
0.021911621093750 3500020
0.020202636718750 3499991
0.021057128906250 3499995
0.020812988281250 3500009
0.021118164062500 3499973
0.021057128906250 3500034
0.021118164062500 3499986
0.021362304687500 3500022
0.020507812500000 3499964
0.021362304687500 3500003
0.021484375000000 3500013
0.041870117187500 3499997
0.021057128906250 3500008
0.021301269531250 3500011
0.020568847656250 3499978
0.021179199218750 3499986
0.020935058593750 3500024
0.021057128906250 3499986
0.020874023437500 3500000
0.022888183593750 3500013
0.019714355468750 3499996
0.020812988281250 3500007
0.021362304687500 3499990
0.021118164062500 3499977
0.021057128906250 3500032
0.021179199218750 3499990
0.020874023437500 3499997
0.020874023437500 3499945
0.021423339843750 3500030
0.022460937500000 3499982
0.022460937500000 3500061
0.045410156250000 3499990
0.022644042968750 3499986
0.022949218750000 3500011
0.022888183593750 3499989
0.021606445312500 3499990
0.021728515625000 3500007
0.021057128906250 3499992
0.020751953125000 3500004
0.021057128906250 3500012
0.021179199218750 3499989
0.021057128906250 3499999
0.021423339843750 3500003
0.021911621093750 3499997
0.021057128906250 3500016
0.020751953125000 3499996
0.021057128906250 3499974
0.023925781250000 3500019
0.020568847656250 3499995
0.022644042968750 3500001
0.022766113281250 3499999
0.042297363281250 3500012
0.020812988281250 3499971
0.021057128906250 3500004
0.021057128906250 3500005
0.021240234375000 3499991
0.020812988281250 3500035
0.021057128906250 3499968
0.020812988281250 3500013
0.022399902343750 3499998
0.019714355468750 3500019
0.021057128906250 3499986
0.021057128906250 3499994
0.020812988281250 3500002
0.020874023437500 3500009
0.021240234375000 3499962
0.021118164062500 3500052
0.021057128906250 3499970
0.020568847656250 3500003
0.021118164062500 3499996
0.023193359375000 3500016
0.046936035156250 3499973
0.022705078125000 3500022
0.022399902343750 3499989
0.022705078125000 3500006
0.022644042968750 3499977
0.022521972656250 3500008
0.021667480468750 3500013
0.022766113281250 3499988
0.020141601562500 3499999
0.021179199218750 3500009
0.021667480468750 3500011
0.020996093750000 3499980
0.022277832031250 3499988
0.022277832031250 3499999
0.021301269531250 3500000
0.023193359375000 3500007
0.019165039062500 3500015
0.021423339843750 3499999
0.021362304687500 3500000
0.022399902343750 3500007
0.044555664062500 3499972
0.021362304687500 3500003
0.022766113281250 3499986
0.019714355468750 3500021
0.021118164062500 3500009
0.020812988281250 3499990
0.021179199218750 3499991
0.020751953125000 3500035
0.020935058593750 3499953
0.021301269531250 3500029
0.020874023437500 3499986
0.020935058593750 3500021
0.021301269531250 3499977
0.022216796875000 3499999
0.022216796875000 3499998
0.022399902343750 3500015
0.022094726562500 3499990
0.020996093750000 3499990
0.021484375000000 3500015
0.022583007812500 3499971
0.041015625000000 3500028
0.020812988281250 3499994
0.021301269531250 3500002
0.020812988281250 3499979
0.020812988281250 3500039
0.022460937500000 3499988
0.019653320312500 3499982
0.021118164062500 3499981
0.022094726562500 3500035
0.022338867187500 3500001
0.022277832031250 3500003
0.022338867187500 3499967
0.021057128906250 3500031
0.021057128906250 3499981
0.020812988281250 3499994
0.021362304687500 3500021
0.022094726562500 3499996
0.021728515625000 3500001
0.021911621093750 3499977
0.021667480468750 3500023
0.042114257812500 3499997
0.020935058593750 3499989
0.020812988281250 3499974
0.021362304687500 3500030
0.022216796875000 3500001
0.019653320312500 3499991
0.020935058593750 3500007
0.022094726562500 3499986
0.019653320312500 3500002
0.021057128906250 3500006
0.020996093750000 3500009
0.021118164062500 3500012
0.020935058593750 3499994
0.020996093750000 3499964
0.021423339843750 3500027
0.021057128906250 3499983
0.021057128906250 3500008
0.020874023437500 3499984
0.020812988281250 3500032
0.021240234375000 3499973
0.042053222656250 3500024
0.020996093750000 3499987
0.021057128906250 3500002
0.021362304687500 3499993
0.022949218750000 3499993
0.018981933593750 3500004
0.021423339843750 3500004
0.021423339843750 3500007
0.021423339843750 3500012
0.021118164062500 3499991
0.021484375000000 3499989
0.021118164062500 3499992
0.021118164062500 3499995
0.020874023437500 3499999
0.021057128906250 3500011
0.020874023437500 3499982
0.022644042968750 3500012
0.022155761718750 3500011
0.021423339843750 3500000
0.041625976562500 3499992
0.021423339843750 3499998
0.020690917968750 3499984
0.020996093750000 3500012
0.020935058593750 3500003
0.020935058593750 3500001
0.021423339843750 3499985
0.020935058593750 3499997
0.021057128906250 3500008
0.020568847656250 3499988
0.020996093750000 3500045
0.021057128906250 3499985
0.021057128906250 3499974
0.021301269531250 3500000
0.021606445312500 3500042
0.022094726562500 3499981
0.021972656250000 3499980
0.021728515625000 3500007
0.020996093750000 3500008
0.021850585937500 3499981
0.042663574218750 3499995
0.000000000000000 3500038
0.046081542968750 3499967
0.023254394531250 3500030
0.023132324218750 3499961
0.022399902343750 3500023
0.022644042968750 3499998
0.022521972656250 3500010
0.022277832031250 3499966
0.021362304687500 3500028
0.022949218750000 3499989
0.019226074218750 3500006
0.021972656250000 3499989
0.021240234375000 3500000
0.020812988281250 3499992
0.021118164062500 3499992
0.021484375000000 3500005
0.022216796875000 3500013
0.022277832031250 3500019
0.022766113281250 3499969
0.043029785156250 3499998
0.020935058593750 3500006
0.021606445312500 3500025
0.020812988281250 3499969
0.021057128906250 3500001
0.020690917968750 3499999
0.021057128906250 3500006
0.022949218750000 3499995
0.019165039062500 3500008
0.021057128906250 3499999
0.021057128906250 3500002
0.020935058593750 3499999
0.021301269531250 3499989
0.022460937500000 3500004
0.019348144531250 3499999
0.021057128906250 3500016
0.021057128906250 3499978
0.025146484375000 3500029
0.022521972656250 3499973
0.022521972656250 3500010
0.042358398437500 3499994
0.020935058593750 3500009
0.021789550781250 3500004
0.022155761718750 3499977
0.022460937500000 3500033
0.022827148437500 3499982
0.021972656250000 3499996
0.021789550781250 3499999
0.022460937500000 3500010
0.022216796875000 3499985
0.022094726562500 3500007
0.021301269531250 3499989
0.020690917968750 3500010
0.021179199218750 3500005
0.021423339843750 3500002
0.021057128906250 3499982
0.021118164062500 3500014
0.021545410156250 3500008
0.021789550781250 3500014
0.021728515625000 3499982
0.044189453125000 3499973
0.022033691406250 3500001
0.021118164062500 3500024
0.020874023437500 3499981
0.020996093750000 3499994
0.021484375000000 3500004
0.020690917968750 3500000
0.021911621093750 3500007
0.021667480468750 3493648
0.021911621093750 3506348
0.022460937500000 3500020
0.021057128906250 3499995
0.021484375000000 3500004
0.020935058593750 3499977
0.021606445312500 3500007
0.021545410156250 3499960
0.021606445312500 3500046
0.021972656250000 3499984
0.021545410156250 3500006
0.020690917968750 3500021
0.043090820312500 3499972
0.020996093750000 3499996
0.021240234375000 3500038
0.021057128906250 3499974
0.021545410156250 3500000
0.021057128906250 3500011
0.021057128906250 3500000
0.021118164062500 3499986
0.021362304687500 3500010
0.021606445312500 3499999
0.021118164062500 3499987
0.022827148437500 3499998
0.019165039062500 3499998
0.021118164062500 3500027
0.022216796875000 3499991
0.019897460937500 3499958
0.021301269531250 3500021
0.023315429687500 3500001
0.018737792968750 3500006
0.021362304687500 3499977
0.021057128906250 3500021
0.041564941406250 3499996
0.021179199218750 3500028
0.021118164062500 3499997
0.020996093750000 3499994
0.020935058593750 3499984
0.021301269531250 3499992
0.020690917968750 3500014
0.021118164062500 3499988
0.021057128906250 3500013
0.020935058593750 3499986
0.021240234375000 3500018
0.022399902343750 3500006
0.019165039062500 3499940
0.021362304687500 3500035
0.021179199218750 3499999
0.023986816406250 3500005
0.019287109375000 3499988
0.020935058593750 3499992
0.021484375000000 3499997
0.041992187500000 3500021
0.020935058593750 3499984
0.021240234375000 3500022
0.021057128906250 3499992
0.020874023437500 3499992
0.020690917968750 3500015
0.021423339843750 3499999
0.020812988281250 3499989
0.020935058593750 3500001
0.021240234375000 3500015
0.021484375000000 3499979
0.021240234375000 3500000
0.020629882812500 3500004
0.021057128906250 3499989
0.021057128906250 3500029
0.020996093750000 3499971
0.021484375000000 3500018
0.021118164062500 3499974
0.021301269531250 3500008
0.021362304687500 3500003
0.042419433593750 3499995
0.021362304687500 3499987
0.022705078125000 3500006
0.019165039062500 3500021
0.021118164062500 3499978
0.021484375000000 3499999
0.021057128906250 3500018
0.021057128906250 3499987
0.020690917968750 3500006
0.021362304687500 3499992
0.020568847656250 3500001
0.021057128906250 3500002
0.021057128906250 3500002
0.021057128906250 3499999
0.021057128906250 3499998
0.021301269531250 3500017
0.023010253906250 3499988
0.020690917968750 3500026
0.023010253906250 3499986
0.022949218750000 3500002
0.045959472656250 3499967
0.021362304687500 3500020
0.020812988281250 3500010
0.020996093750000 3499996
0.021240234375000 3499984
0.020874023437500 3500004
0.020812988281250 3499988
0.021362304687500 3500010
0.020568847656250 3499997
0.021789550781250 3500000
0.021789550781250 3499990
0.021911621093750 3500006
0.019714355468750 3500015
0.021240234375000 3500007
0.020812988281250 3499978
0.021179199218750 3499989
0.020874023437500 3499997
0.021057128906250 3500012
0.021057128906250 3499996
0.020812988281250 3500030
0.043518066406250 3499974
0.021850585937500 3500022
0.021362304687500 3499968
0.021423339843750 3500003
0.020812988281250 3500026
0.022766113281250 3499995
0.019165039062500 3499975
0.021362304687500 3500020
0.021057128906250 3500001
0.020690917968750 3499983
0.021057128906250 3500000
0.021057128906250 3500023
0.022888183593750 3500002
0.019165039062500 3499993
0.020812988281250 3499952
0.023254394531250 3500039
0.020263671875000 3499985
0.021362304687500 3499999
0.021057128906250 3500020
0.041992187500000 3499984
0.020935058593750 3499988
0.020935058593750 3500012
0.021301269531250 3500003
0.020812988281250 3499981
0.021484375000000 3500038
0.021057128906250 3499980
0.021545410156250 3499997
0.021484375000000 3499986
0.021362304687500 3500002
0.020935058593750 3500017
0.021484375000000 3499988
0.021118164062500 3500005
0.020996093750000 3500015
0.021362304687500 3499989
0.020996093750000 3500007
0.022460937500000 3499995
0.022338867187500 3500003
0.022521972656250 3499977
0.022521972656250 3499990
0.042724609375000 3500015
0.020812988281250 3500018
0.022338867187500 3500000
0.021179199218750 3499989
0.020935058593750 3500015
0.021179199218750 3499957
0.020874023437500 3500024
0.021057128906250 3500014
0.021057128906250 3499994
0.023254394531250 3499974
0.019592285156250 3500001
0.022460937500000 3500027
0.022705078125000 3499966
0.023803710937500 3500022
0.020202636718750 3499996
0.021118164062500 3499991
0.020812988281250 3499997
0.021057128906250 3500014
0.022705078125000 3499989
0.022521972656250 3500004
0.022460937500000 3499999
0.044738769531250 3499995
0.021606445312500 3499988
0.021545410156250 3500019
0.020690917968750 3499998
0.021850585937500 3499985
0.024047851562500 3500020
0.019348144531250 3499997
0.022216796875000 3499993
0.021911621093750 3500005
0.021667480468750 3500018
0.021911621093750 3499992
0.021911621093750 3499997
0.020507812500000 3499983
0.020385742187500 3500009
0.020385742187500 3500008
0.020324707031250 3499986
0.020507812500000 3500003
0.020751953125000 3500015
0.022399902343750 3499999
0.018127441406250 3499989
0.041137695312500 3500002
0.020690917968750 3500009
0.022033691406250 3499982
0.018920898437500 3500016
0.020935058593750 3499991
0.020996093750000 3500007
0.020324707031250 3499986
0.020568847656250 3500009
0.020385742187500 3500000
0.020935058593750 3500010
0.020202636718750 3499965
0.020446777343750 3500014
0.020874023437500 3500026
0.020324707031250 3499981
0.020263671875000 3499976
0.021972656250000 3500008
0.019348144531250 3500022
0.020263671875000 3499977
0.020751953125000 3500007
0.020812988281250 3500019
0.041076660156250 3499995
0.020385742187500 3499990
0.020507812500000 3499984
0.020507812500000 3500029
0.020385742187500 3500008
0.020507812500000 3499976
0.020446777343750 3499989
0.020263671875000 3500016
0.022583007812500 3500017
0.018676757812500 3499983
0.020202636718750 3499985
0.020507812500000 3500014
0.020385742187500 3499986
0.020507812500000 3499996
0.020263671875000 3500010
0.020812988281250 3500016
0.020019531250000 3499989
0.022766113281250 3499975
0.018310546875000 3500013
0.041259765625000 3499998
0.020385742187500 3500007
0.020385742187500 3499986
0.020507812500000 3500000
0.020507812500000 3500008
0.020324707031250 3500009
0.020812988281250 3499997
0.020385742187500 3500001
0.020385742187500 3500004
0.020568847656250 3499980
0.020263671875000 3500020
0.020507812500000 3500001
0.020324707031250 3499993
0.022155761718750 3499940
0.018676757812500 3500016
0.020874023437500 3500045
0.021667480468750 3499989
0.020996093750000 3500014
0.022644042968750 3499971
0.022277832031250 3500012
0.044860839843750 3500005
0.020935058593750 3500013
0.022094726562500 3499980
0.018981933593750 3499999
0.020507812500000 3500008
0.020812988281250 3499991
0.020263671875000 3500028
0.022460937500000 3499978
0.019226074218750 3499970
0.021240234375000 3500013
0.021240234375000 3500020
0.020446777343750 3499996
0.020568847656250 3499994
0.021728515625000 3500006
0.022094726562500 3500010
0.021789550781250 3499981
0.022277832031250 3500002
0.021667480468750 3500002
0.020690917968750 3499998
0.020507812500000 3499980
0.043334960937500 3500027
0.022521972656250 3500008
0.021667480468750 3499967
0.021789550781250 3499997
0.021240234375000 3500001
0.020385742187500 3500033
0.020751953125000 3499977
0.020446777343750 3500000
0.020568847656250 3499995
0.020568847656250 3500019
0.020324707031250 3500000
0.021484375000000 3499983
0.019897460937500 3500007
0.021728515625000 3500018
0.022033691406250 3499980
0.021545410156250 3499988
0.021667480468750 3500007
0.021606445312500 3499989
0.022216796875000 3500024
0.021667480468750 3499999
0.043640136718750 3499986
0.023254394531250 3500010
0.020446777343750 3499992
0.021301269531250 3500003
0.022094726562500 3500011
0.021850585937500 3499983
0.021545410156250 3499993
0.021362304687500 3500002
0.022216796875000 3499991
0.023071289062500 3500000
0.020874023437500 3500004
0.023315429687500 3500013
0.021789550781250 3499982
0.021972656250000 3499987
0.022155761718750 3500011
0.022094726562500 3500022
0.022094726562500 3499974
0.021728515625000 3500008
0.021911621093750 3499998
0.020996093750000 3499981
0.040893554687500 3500016
0.020324707031250 3499995
0.020385742187500 3500014
0.020385742187500 3500020
0.020507812500000 3499961
0.020507812500000 3500022
0.020263671875000 3499978
0.020812988281250 3500011
0.020385742187500 3499993
0.020751953125000 3499990
0.022766113281250 3500030
0.018127441406250 3499983
0.020690917968750 3500012
0.020874023437500 3499984
0.020385742187500 3499999
0.020507812500000 3500012
0.020324707031250 3499984
0.020812988281250 3500008
0.020263671875000 3499996
0.020324707031250 3500002
0.041564941406250 3499998
0.021606445312500 3500008
0.023437500000000 3499973
0.020446777343750 3500017
0.021423339843750 3499992
0.020507812500000 3500021
0.020385742187500 3500000
0.020385742187500 3500005
0.020751953125000 3499969
0.020263671875000 3500027
0.020507812500000 3499973
0.020263671875000 3500008
0.020690917968750 3499983
0.020324707031250 3500014
0.020507812500000 3500006
0.020263671875000 3500007
0.020812988281250 3499985
0.020507812500000 3500021
0.020263671875000 3499982
0.020324707031250 3499996
0.041015625000000 3499982
0.020324707031250 3500020
0.020324707031250 3500009
0.020812988281250 3500000
0.023010253906250 3499983
0.021057128906250 3500000
0.021667480468750 3500000
0.021545410156250 3499991
0.020629882812500 3499996
0.020385742187500 3500009
0.020324707031250 3500033
0.020507812500000 3499973
0.020690917968750 3499997
0.020385742187500 3500002
0.020507812500000 3499993
0.020568847656250 3500014
0.020507812500000 3500020
0.020202636718750 3499988
0.020507812500000 3499992
0.040954589843750 3499987
0.020507812500000 3500006
0.020935058593750 3499985
0.020202636718750 3500021
0.021667480468750 3499986
0.019165039062500 3500007
0.020385742187500 3500016
0.020507812500000 3499992
0.020507812500000 3499979
0.020324707031250 3500004
0.020507812500000 3499992
0.020141601562500 3500012
0.020690917968750 3499988
0.020324707031250 3500019
0.022277832031250 3500023
0.020385742187500 3499966
0.020507812500000 3500030
0.020568847656250 3499985
0.020324707031250 3500000
0.020385742187500 3500003
0.020690917968750 3500012
0.040771484375000 3499993
0.021179199218750 3499969
0.021545410156250 3500003
0.021606445312500 3500005
0.022216796875000 3500010
0.021301269531250 3499988
0.020568847656250 3500019
0.020507812500000 3499968
0.020324707031250 3500005
0.020507812500000 3500016
0.020507812500000 3499997
0.020690917968750 3500003
0.020141601562500 3499988
0.020935058593750 3499991
0.022827148437500 3500019
0.020996093750000 3500019
0.021911621093750 3499976
0.021484375000000 3500008
0.020385742187500 3499982
0.020568847656250 3500009
0.040527343750000 3500014
0.020812988281250 3499987
0.020385742187500 3500005
0.020568847656250 3499989
0.021118164062500 3499972
0.020507812500000 3500037
0.022705078125000 3499980
0.018249511718750 3499943
0.021423339843750 3500042
0.021667480468750 3500002
0.022094726562500 3500039
0.022216796875000 3499970
0.021240234375000 3500029
0.021179199218750 3499956
0.020263671875000 3500036
0.020568847656250 3499987
0.020507812500000 3500003
0.020324707031250 3499999
0.020263671875000 3499997
0.041137695312500 3499996
0.020263671875000 3500018
0.021911621093750 3499968
0.019165039062500 3500031
0.020324707031250 3499964
0.020263671875000 3500030
0.020935058593750 3499993
0.021545410156250 3499969
0.021667480468750 3500026
0.021484375000000 3500022
0.022766113281250 3499968
0.018920898437500 3499986
0.022399902343750 3500015
0.020568847656250 3500028
0.020568847656250 3499971
0.020263671875000 3499988
0.020690917968750 3499996
0.020507812500000 3500016
0.020812988281250 3500003
0.020324707031250 3499995
0.041809082031250 3500002
0.020507812500000 3500003
0.019958496093750 3500014
0.020874023437500 3499972
0.020324707031250 3500014
0.020507812500000 3500005
0.020568847656250 3500003
0.020080566406250 3499980
0.020935058593750 3500025
0.020385742187500 3499985
0.021850585937500 3500007
0.018676757812500 3499966
0.020812988281250 3500047
0.020324707031250 3499961
0.021606445312500 3500022
0.021179199218750 3499986
0.020263671875000 3499987
0.020812988281250 3500006
0.020324707031250 3500008
0.020324707031250 3499989
0.041015625000000 3500038
0.020690917968750 3499987
0.020507812500000 3499985
0.020202636718750 3500015
0.021240234375000 3499994
0.021118164062500 3499993
0.021179199218750 3499991
0.021606445312500 3500008
0.019226074218750 3499992
0.020812988281250 3500015
0.020446777343750 3499999
0.020324707031250 3499991
0.020507812500000 3499962
0.020690917968750 3499993
0.021545410156250 3500010
0.021545410156250 3500025
0.020446777343750 3500006
0.020751953125000 3499993
0.020507812500000 3500014
0.020996093750000 3500010
0.043884277343750 3499987
0.021362304687500 3499988
0.022033691406250 3499996
0.019714355468750 3500017
0.020263671875000 3500003
0.020324707031250 3499986
0.020385742187500 3499987
0.020690917968750 3500012
0.020324707031250 3500007
0.020690917968750 3499996
0.020324707031250 3500019
0.020263671875000 3499993
0.020629882812500 3499982
0.020324707031250 3500012
0.020507812500000 3500006
0.020568847656250 3500000
0.020324707031250 3499988
0.021301269531250 3500012
0.021911621093750 3499979
0.021911621093750 3499998
0.021362304687500 3499994
0.041809082031250 3499996
0.020996093750000 3500000
0.020385742187500 3500018
0.020507812500000 3499985
0.020263671875000 3499999
0.020568847656250 3500035
0.020507812500000 3499975
0.020263671875000 3500008
0.020385742187500 3500012
0.020263671875000 3499983
0.020690917968750 3499999
0.020507812500000 3499980
0.020263671875000 3500005
0.020446777343750 3500005
0.020324707031250 3499994
0.020507812500000 3499995
0.020812988281250 3500031
0.020324707031250 3499986
0.020507812500000 3499991
0.040771484375000 3499995
0.020507812500000 3499997
0.020507812500000 3500008
0.021484375000000 3500000
0.021057128906250 3500009
0.020629882812500 3500002
0.020507812500000 3500006
0.021484375000000 3499985
0.021423339843750 3500015
0.021240234375000 3499993
0.019714355468750 3499990
0.021057128906250 3499985
0.021972656250000 3500030
0.023376464843750 3499996
0.020446777343750 3499965
0.021606445312500 3500021
0.021667480468750 3500015
0.022277832031250 3499986
0.022094726562500 3499987
0.021545410156250 3500018
0.041137695312500 3500011
0.020446777343750 3499969
0.020812988281250 3500008
0.020507812500000 3500018
0.020324707031250 3499958
0.020751953125000 3500026
0.020202636718750 3500020
0.020568847656250 3499995
0.020385742187500 3499995
0.020690917968750 3499968
0.020385742187500 3500035
0.020812988281250 3499991
0.020690917968750 3500004
0.020507812500000 3499993
0.020507812500000 3499983
0.020385742187500 3500022
0.020812988281250 3500001
0.020263671875000 3499989
0.020324707031250 3499986
0.020568847656250 3500022
0.040893554687500 3499998
0.020385742187500 3499999
0.020507812500000 3500015
0.020629882812500 3499974
0.021179199218750 3500000
0.021728515625000 3500010
0.022216796875000 3500003
0.021362304687500 3500000
0.021972656250000 3499965
0.022277832031250 3500016
0.021850585937500 3500016
0.022216796875000 3499979
0.022094726562500 3499991
0.021057128906250 3500010
0.021301269531250 3499997
0.020385742187500 3500004
0.020324707031250 3499992
0.020324707031250 3500009
0.020812988281250 3500015
0.020263671875000 3499999
0.041381835937500 3499981
0.021606445312500 3500006
0.019165039062500 3499989
0.020385742187500 3500005
0.020568847656250 3500011
0.020324707031250 3500007
0.020507812500000 3499985
0.020690917968750 3499990
0.022766113281250 3499984
0.025634765625000 3500013
0.022766113281250 3500016
0.023681640625000 3500004
0.021484375000000 3499961
0.020385742187500 3500036
0.020324707031250 3499981
0.021301269531250 3499987
0.020812988281250 3500028
0.020507812500000 3499997
0.020507812500000 3500003
0.020507812500000 3499986
0.041198730468750 3500012
0.020507812500000 3499995
0.021850585937500 3499996
0.019226074218750 3499990
0.020690917968750 3499997
0.020690917968750 3500021
0.020996093750000 3499982
0.020690917968750 3499993
0.020935058593750 3500029
0.022216796875000 3499976
0.019653320312500 3499985
0.020935058593750 3500031
0.021667480468750 3499988
0.022705078125000 3499992
0.022033691406250 3499993
0.022399902343750 3499987
0.020812988281250 3500013
0.020629882812500 3500020
0.021179199218750 3499982
0.021484375000000 3500007
0.041992187500000 3500003
0.020874023437500 3500007
0.020935058593750 3500002
0.020568847656250 3499983
0.020385742187500 3500016
0.020568847656250 3499984
0.021545410156250 3499988
0.021057128906250 3500009
0.020019531250000 3500006
0.022277832031250 3500007
0.020141601562500 3499978
0.020812988281250 3499992
0.020935058593750 3500043
0.020263671875000 3499970
0.020385742187500 3500001
0.020690917968750 3500011
0.020507812500000 3499995
0.021057128906250 3499993
0.021667480468750 3499982
0.022033691406250 3500043
0.044677734375000 3499977
0.020996093750000 3499996
0.021118164062500 3500003
0.020385742187500 3500016
0.020568847656250 3499988
0.020324707031250 3499996
0.020751953125000 3500001
0.020629882812500 3500007
0.020324707031250 3499976
0.020874023437500 3499993
0.020324707031250 3500008
0.020324707031250 3500015
0.020751953125000 3499999
0.023132324218750 3499987
0.019897460937500 3500022
0.022216796875000 3500001
0.021606445312500 3499983
0.020690917968750 3499997
0.020751953125000 3499989
0.040527343750000 3500021
0.020812988281250 3499990
0.020263671875000 3500003
0.020263671875000 3499990
0.020507812500000 3500008
0.020507812500000 3500001
0.020324707031250 3499992
0.020568847656250 3500004
0.020507812500000 3500003
0.020385742187500 3499985
0.020812988281250 3500032
0.020324707031250 3499995
0.020263671875000 3499978
0.020812988281250 3500017
0.020263671875000 3499988
0.020690917968750 3499988
0.020812988281250 3499996
0.020324707031250 3500019
0.020202636718750 3499994
0.020812988281250 3499991
0.040588378906250 3500009
0.020812988281250 3500014
0.020324707031250 3500003
0.020324707031250 3499980
0.020324707031250 3500003
0.020812988281250 3500020
0.020568847656250 3499983
0.020324707031250 3499982
0.020568847656250 3500010
0.020324707031250 3500006
0.020507812500000 3499983
0.020751953125000 3500017
0.020324707031250 3499981
0.020751953125000 3500004
0.022155761718750 3500000
0.019042968750000 3500000
0.021240234375000 3500006
0.020324707031250 3500014
0.020324707031250 3499995
0.021240234375000 3499993
0.040100097656250 3500009
0.020324707031250 3499976
0.020568847656250 3499995
0.020568847656250 3500016
0.020568847656250 3500000
0.020812988281250 3500007
0.020263671875000 3499992
0.020263671875000 3499994
0.020812988281250 3500028
0.020690917968750 3499973
0.020446777343750 3499994
0.020996093750000 3499951
0.020568847656250 3500061
0.021606445312500 3499986
0.023071289062500 3500001
0.020324707031250 3499994
0.020874023437500 3500005
0.020507812500000 3500011
0.020507812500000 3499999
0.020385742187500 3499990
0.041320800781250 3499998
0.020385742187500 3499987
0.020507812500000 3500041
0.020812988281250 3499963
0.020935058593750 3500041
0.020812988281250 3499945
0.021728515625000 3500045
0.023498535156250 3499975
0.020446777343750 3500033
0.021301269531250 3499975
0.021545410156250 3499998
0.019714355468750 3500008
0.020385742187500 3499987
0.020690917968750 3500008
0.020446777343750 3499999
0.020324707031250 3499994
0.020263671875000 3500016
0.020812988281250 3499999
0.020324707031250 3499994
0.020324707031250 3500015
0.041015625000000 3499975
0.020446777343750 3499988
0.021057128906250 3500003
0.020385742187500 3499994
0.020568847656250 3500010
0.021240234375000 3499995
0.021545410156250 3499997
0.020874023437500 3499985
0.023437500000000 3500022
0.023132324218750 3500001
0.024536132812500 3500010
0.022338867187500 3499977
0.022888183593750 3500007
0.021179199218750 3499995
0.020568847656250 3500023
0.021606445312500 3499963
0.019287109375000 3500025
0.020263671875000 3500001
0.021179199218750 3500003
0.020324707031250 3499973
0.020507812500000 3500035
0.041442871093750 3499999
0.020385742187500 3500002
0.020568847656250 3499965
0.020812988281250 3500025
0.021850585937500 3499971
0.019348144531250 3500009
0.021972656250000 3499987
0.021179199218750 3500020
0.021850585937500 3500003
0.020446777343750 3499985
0.020751953125000 3500023
0.024230957031250 3500010
0.019592285156250 3499983
0.022644042968750 3499985
0.021362304687500 3499989
0.020812988281250 3500008
0.022033691406250 3500009
0.019226074218750 3499991
0.021850585937500 3500002
0.039245605468750 3500012
0.020385742187500 3499989
0.020812988281250 3499998
0.020324707031250 3500019
0.020263671875000 3499999
0.020751953125000 3500002
0.020324707031250 3499981
0.020324707031250 3500008
0.022338867187500 3499987
0.018676757812500 3499999
0.020690917968750 3499998
0.020568847656250 3500018
0.020263671875000 3499977
0.020324707031250 3500022
0.020812988281250 3499979
0.020507812500000 3500006
0.020080566406250 3500000
0.020874023437500 3500012
0.020629882812500 3499985
0.020324707031250 3500008
0.041503906250000 3500018
0.020690917968750 3499973
0.020874023437500 3499984
0.020324707031250 3500018
0.020507812500000 3500021
0.020690917968750 3499978
0.020385742187500 3500003
0.020812988281250 3500006
0.020996093750000 3499995
0.021545410156250 3499986
0.019897460937500 3500008
0.020507812500000 3500001
0.020751953125000 3499994
0.020751953125000 3499987
0.020996093750000 3500007
0.020751953125000 3500009
0.020324707031250 3500010
0.021484375000000 3499998
0.019714355468750 3499995
0.020568847656250 3500020
0.040771484375000 3499981
0.020751953125000 3499984
0.020324707031250 3500019
0.020446777343750 3500008
0.020629882812500 3499967
0.020568847656250 3500007
0.020507812500000 3500018
0.020507812500000 3499996
0.020202636718750 3499979
0.020812988281250 3500026
0.020019531250000 3499984
0.020568847656250 3500010
0.020812988281250 3499967
0.020385742187500 3500041
0.020507812500000 3500002
0.020202636718750 3499976
0.020874023437500 3500009
0.020507812500000 3499996
0.020446777343750 3500009
0.020629882812500 3499976
0.041809082031250 3500002
0.020996093750000 3499994
0.020690917968750 3500038
0.020324707031250 3499976
0.020568847656250 3499975
0.020568847656250 3500046
0.021728515625000 3499977
0.019226074218750 3499994
0.020263671875000 3500000
0.020385742187500 3499991
0.021911621093750 3500011
0.022094726562500 3500013
0.020751953125000 3499978
0.020935058593750 3499996
0.020568847656250 3500016
0.020690917968750 3499971
0.020690917968750 3500011
0.020446777343750 3500009
0.020935058593750 3499995
0.021606445312500 3500001
0.044067382812500 3500000
0.022033691406250 3499994
0.021789550781250 3500001
0.022399902343750 3500019
0.019104003906250 3499989
0.021240234375000 3499985
0.023864746093750 3499996
0.019775390625000 3500034
0.020874023437500 3499985
0.020507812500000 3499983
0.020751953125000 3500017
0.020874023437500 3500003
0.021057128906250 3499994
0.020812988281250 3499995
0.022460937500000 3499996
0.019653320312500 3500014
0.021057128906250 3499980
0.020568847656250 3499990
0.020751953125000 3499995
0.041198730468750 3500012
0.000000000000000 3500012
0.041931152343750 3499997
0.021667480468750 3499976
0.021606445312500 3500038
0.021850585937500 3499965
0.021301269531250 3500000
0.020507812500000 3500005
0.020568847656250 3500027
0.020263671875000 3499985
0.020507812500000 3499995
0.020263671875000 3500025
0.020690917968750 3499994
0.020202636718750 3499989
0.020751953125000 3499986
0.020324707031250 3499996
0.020324707031250 3499998
0.022216796875000 3500003
0.018676757812500 3499991
0.020568847656250 3500012
0.040771484375000 3500006
0.020568847656250 3500010
0.021911621093750 3499976
0.019226074218750 3500039
0.020385742187500 3499986
0.021057128906250 3499977
0.022094726562500 3500009
0.021240234375000 3499989
0.020812988281250 3500016
0.020507812500000 3499967
0.020324707031250 3500046
0.022216796875000 3499978
0.018676757812500 3500002
0.022277832031250 3499998
0.018737792968750 3500018
0.020812988281250 3499996
0.020019531250000 3499966
0.020507812500000 3500035
0.021850585937500 3499974
0.019348144531250 3500016
0.041381835937500 3499986
0.020263671875000 3500008
0.020507812500000 3500004
0.020507812500000 3499984
0.020263671875000 3500000
0.020690917968750 3500009
0.020202636718750 3500011
0.020690917968750 3499987
0.020385742187500 3499999
0.020385742187500 3500012
0.020507812500000 3500005
0.021301269531250 3499994
0.021301269531250 3499988
0.020324707031250 3500008
0.020568847656250 3499992
0.020324707031250 3499984
0.020812988281250 3500011
0.020263671875000 3499991
0.020507812500000 3500004
0.020507812500000 3499985
0.041076660156250 3500009
0.020690917968750 3500012
0.020751953125000 3499994
0.020507812500000 3500006
0.020263671875000 3500007
0.020874023437500 3500005
0.021911621093750 3499997
0.018676757812500 3499986
0.020874023437500 3499985
0.020568847656250 3500025
0.020446777343750 3499962
0.021667480468750 3500004
0.021667480468750 3500040
0.022033691406250 3500000
0.020996093750000 3499975
0.022827148437500 3500017
0.020019531250000 3500001
0.022644042968750 3499994
0.021911621093750 3499989
0.021911621093750 3500012
0.022460937500000 3499999
0.044067382812500 3500003
0.023620605468750 3499981
0.020446777343750 3500003
0.022460937500000 3500023
0.021301269531250 3499954
0.021362304687500 3500025
0.021301269531250 3500003
0.019714355468750 3499990
0.020324707031250 3500004
0.020507812500000 3500002
0.020568847656250 3499991
0.020324707031250 3500025
0.020874023437500 3499975
0.020446777343750 3499999
0.020446777343750 3500024
0.020935058593750 3499984
0.020507812500000 3499996
0.021850585937500 3499998
0.020080566406250 3500001
0.040649414062500 3500007
0.020812988281250 3499991
0.020324707031250 3500009
0.020812988281250 3499987
0.020446777343750 3500012
0.020629882812500 3499977
0.020690917968750 3500012
0.020935058593750 3500027
0.020324707031250 3499975
0.021911621093750 3500020
0.019165039062500 3499989
0.021606445312500 3500006
0.019226074218750 3499978
0.020263671875000 3500026
0.020507812500000 3499988
0.020385742187500 3500008
0.020507812500000 3499974
0.020324707031250 3499997
0.020812988281250 3499997
0.020324707031250 3500004
0.040954589843750 3500006
0.020690917968750 3499989
0.020324707031250 3500009
0.020507812500000 3500011
0.020507812500000 3500005
0.020324707031250 3499996
0.020812988281250 3499982
0.020324707031250 3500003
0.020324707031250 3500011
0.022033691406250 3499983
0.019836425781250 3500009
0.021972656250000 3500005
0.021789550781250 3499997
0.022766113281250 3500009
0.022094726562500 3500004
0.022583007812500 3499980
0.020568847656250 3499992
0.020507812500000 3499993
0.020568847656250 3500022
0.020507812500000 3499992
0.047363281250000 3500008
0.023315429687500 3500014
0.023071289062500 3499968
0.021423339843750 3500022
0.021057128906250 3499995
0.020996093750000 3500008
0.020507812500000 3499964
0.021484375000000 3500018
0.021911621093750 3500005
0.023681640625000 3499989
0.019958496093750 3499998
0.024047851562500 3500022
0.019897460937500 3499986
0.021789550781250 3500012
0.022155761718750 3499985
0.021118164062500 3500010
0.021179199218750 3499992
0.020507812500000 3499982
0.020690917968750 3500015
0.023620605468750 3499994
0.046813964843750 3500001
0.024658203125000 3500000
0.019592285156250 3500020
0.020324707031250 3499978
0.020324707031250 3500018
0.020812988281250 3499994
0.021057128906250 3499996
0.019714355468750 3500000
0.020507812500000 3499996
0.020263671875000 3500002
0.020324707031250 3499992
0.020874023437500 3500011
0.021850585937500 3500007
0.018859863281250 3499973
0.023315429687500 3500002
0.022949218750000 3500036
0.022033691406250 3499964
0.022399902343750 3499991
0.020996093750000 3500025
0.020385742187500 3499991
0.041015625000000 3500009
0.020324707031250 3499982
0.020568847656250 3500006
0.021118164062500 3500000
0.021850585937500 3499993
0.020751953125000 3499985
0.022277832031250 3500017
0.018676757812500 3500007
0.021362304687500 3500009
0.019165039062500 3499985
0.020385742187500 3500023
0.020812988281250 3499993
0.020263671875000 3499989
0.020690917968750 3499982
0.022277832031250 3500021
0.018615722656250 3499987
0.020263671875000 3499996
0.020324707031250 3500017
0.021301269531250 3499981
0.019714355468750 3499991
0.041992187500000 3500028
0.021911621093750 3500011
0.021911621093750 3499981
0.021789550781250 3500003
0.020507812500000 3499978
0.020568847656250 3500022
0.020507812500000 3500000
0.020324707031250 3499985
0.020385742187500 3499986
0.021179199218750 3500018
0.022338867187500 3500010
0.019348144531250 3500000
0.021972656250000 3499985
0.020446777343750 3500017
0.020874023437500 3499985
0.021850585937500 3499986
0.021850585937500 3500020
0.020751953125000 3500011
0.020324707031250 3499986
0.020324707031250 3499959
0.020507812500000 3500046
0.040771484375000 3499999
0.020690917968750 3499990
0.021911621093750 3500008
0.021850585937500 3500000
0.021911621093750 3500003
0.021850585937500 3499995
0.021667480468750 3499991
0.021667480468750 3499968
0.021911621093750 3500023
0.021667480468750 3499990
0.023681640625000 3500012
0.018310546875000 3500011
0.020751953125000 3499995
0.020568847656250 3499993
0.020751953125000 3500008
0.020507812500000 3500012
0.020202636718750 3499982
0.020446777343750 3499985
0.020935058593750 3499999
0.041137695312500 3500025
0.020263671875000 3500001
0.020385742187500 3499983
0.020263671875000 3500019
0.021057128906250 3499975
0.020324707031250 3500008
0.020690917968750 3499985
0.020629882812500 3500040
0.022766113281250 3499980
0.018920898437500 3499973
0.021789550781250 3500012
0.019287109375000 3500020
0.020568847656250 3499990
0.020629882812500 3499987
0.020568847656250 3499997
0.022583007812500 3500020
0.018676757812500 3499991
0.020324707031250 3499976
0.020446777343750 3500007
0.020263671875000 3500010
0.041076660156250 3499996
0.022155761718750 3500028
0.021850585937500 3499983
0.022155761718750 3500001
0.021789550781250 3499987
0.020690917968750 3500008
0.020935058593750 3499988
0.020629882812500 3500012
0.020507812500000 3499991
0.020507812500000 3500008
0.020812988281250 3500008
0.020507812500000 3499990
0.020507812500000 3499993
0.020324707031250 3499992
0.020568847656250 3500015
0.020507812500000 3500011
0.020385742187500 3499985
0.020507812500000 3500005
0.020324707031250 3500002
0.041442871093750 3499991
0.023193359375000 3499987
0.023010253906250 3499999
0.023864746093750 3500016
0.022583007812500 3500000
0.020812988281250 3499988
0.022766113281250 3500010
0.018676757812500 3499993
0.020812988281250 3499993
0.022216796875000 3500014
0.018676757812500 3499999
0.020324707031250 3500004
0.020874023437500 3499979
0.020263671875000 3500034
0.020629882812500 3499991
0.020507812500000 3499980
0.020812988281250 3500016
0.020263671875000 3499988
0.020263671875000 3500001
0.020507812500000 3499995
0.041015625000000 3499977
0.020324707031250 3500034
0.020324707031250 3500013
0.020568847656250 3499973
0.020812988281250 3499997
0.020996093750000 3500006
0.020507812500000 3499995
0.020507812500000 3500013
0.021972656250000 3499954
0.022033691406250 3499983
0.022338867187500 3500062
0.023010253906250 3499971
0.021484375000000 3500037
0.020629882812500 3499971
0.020324707031250 3499997
0.021789550781250 3500017
0.019592285156250 3499991
0.020935058593750 3500015
0.021057128906250 3499971
0.020996093750000 3500012
0.043762207031250 3499994
0.021911621093750 3500032
0.021728515625000 3499982
0.020324707031250 3499986
0.020874023437500 3500019
0.020263671875000 3499995
0.021118164062500 3500001
0.023620605468750 3500013
0.019897460937500 3499990
0.021911621093750 3499995
0.022155761718750 3499976
0.022705078125000 3500017
0.022094726562500 3499980
0.024169921875000 3499996
0.019104003906250 3500014
0.022094726562500 3500029
0.020874023437500 3499978
0.020263671875000 3499999
0.021118164062500 3500010
0.023254394531250 3499993
0.046264648437500 3499994
0.022949218750000 3500008
0.023925781250000 3499977
0.023681640625000 3500010
0.023620605468750 3499988
0.022277832031250 3499999
0.020385742187500 3500016
0.020690917968750 3500004
0.020690917968750 3500001
0.020996093750000 3499994
0.021484375000000 3499990
0.020812988281250 3500015
0.020996093750000 3499986
0.020568847656250 3499989
0.020874023437500 3500013
0.020080566406250 3500011
0.020874023437500 3499995
0.020996093750000 3499981
0.021057128906250 3500009
0.021057128906250 3499998
0.041870117187500 3500012
0.020812988281250 3500023
0.021118164062500 3499973
0.020324707031250 3499992
0.020385742187500 3500004
0.020812988281250 3500000
0.020324707031250 3500005
0.020507812500000 3499984
0.020324707031250 3499992
0.020507812500000 3500004
0.020568847656250 3500003
0.021606445312500 3499980
0.021118164062500 3500039
0.022644042968750 3499999
0.018188476562500 3499999
0.020507812500000 3499991
0.022399902343750 3500010
0.018676757812500 3500003
0.020507812500000 3499975
0.021423339843750 3500013
0.039978027343750 3499984
0.020507812500000 3500021
0.020324707031250 3499990
0.020568847656250 3499972
0.020385742187500 3500036
0.022155761718750 3500002
0.018676757812500 3499977
0.020935058593750 3500004
0.020446777343750 3500008
0.020690917968750 3500008
0.020935058593750 3499993
0.020935058593750 3499987
0.022094726562500 3500015
0.021850585937500 3500007
0.021606445312500 3499984
0.021667480468750 3500006
0.020324707031250 3500007
0.020385742187500 3499987
0.020996093750000 3499968
0.020446777343750 3500008
0.040649414062500 3499999
0.020751953125000 3500042
0.020507812500000 3499956
0.021972656250000 3500028
0.019470214843750 3499991
0.020324707031250 3500011
0.020935058593750 3499968
0.020446777343750 3500009
0.020935058593750 3500029
0.022521972656250 3499992
0.018493652343750 3499980
0.020751953125000 3500007
0.022460937500000 3500018
0.018676757812500 3500002
0.020202636718750 3499966
0.020507812500000 3500011
0.020507812500000 3499997
0.020263671875000 3499995
0.020812988281250 3499989
0.021972656250000 3500013
0.039489746093750 3499985
0.000000000000000 3500014
0.040954589843750 3499999
0.020263671875000 3499996
0.020324707031250 3500008
0.021118164062500 3499997
0.020324707031250 3500002
0.020385742187500 3499991
0.020324707031250 3500008
0.020812988281250 3499988
0.020263671875000 3500000
0.020324707031250 3500031
0.020874023437500 3499983
0.020202636718750 3499979
0.020690917968750 3499999
0.020324707031250 3500033
0.020324707031250 3499973
0.021911621093750 3500011
0.019226074218750 3499994
0.020263671875000 3500020
0.041381835937500 3499975
0.020324707031250 3499994
0.020263671875000 3499997
0.020751953125000 3500022
0.021423339843750 3499989
0.021850585937500 3500019
0.021911621093750 3499970
0.022460937500000 3500010
0.022583007812500 3499990
0.019836425781250 3500003
0.020507812500000 3500007
0.020507812500000 3499992
0.021057128906250 3499999
0.021789550781250 3499996
0.021911621093750 3500000
0.023376464843750 3499997
0.020446777343750 3500010
0.021606445312500 3499985
0.022094726562500 3500024
0.043334960937500 3500003
0.021850585937500 3499983
0.022521972656250 3500001
0.022521972656250 3500009
0.023132324218750 3500008
0.022888183593750 3500001
0.022277832031250 3499965
0.023681640625000 3500001
0.020751953125000 3500026
0.022766113281250 3500007
0.022216796875000 3500003
0.021606445312500 3499994
0.022155761718750 3499981
0.020080566406250 3500015
0.020874023437500 3500007
0.021118164062500 3499974
0.020874023437500 3500025
0.020507812500000 3499981
0.020568847656250 3500005
0.020324707031250 3499971
0.042907714843750 3500034
0.021850585937500 3499960
0.000000000000000 3500028
0.043518066406250 3500001
0.020996093750000 3500008
0.021179199218750 3499996
0.020446777343750 3500000
0.020568847656250 3500013
0.020812988281250 3499994
0.020446777343750 3500002
0.020690917968750 3499987
0.020812988281250 3499983
0.021057128906250 3500017
0.020751953125000 3500010
0.020812988281250 3499978
0.020690917968750 3500026
0.020324707031250 3499991
0.020751953125000 3499978
0.020874023437500 3499992
0.020751953125000 3500018
0.044006347656250 3499993
0.023559570312500 3499982
0.022644042968750 3500015
0.021606445312500 3500020
0.020324707031250 3499984
0.020568847656250 3499989
0.020690917968750 3500022
0.020751953125000 3499979
0.020690917968750 3500022
0.020202636718750 3499971
0.020690917968750 3500009
0.020507812500000 3499993
0.020507812500000 3499993
0.020263671875000 3500019
0.020324707031250 3499978
0.020324707031250 3500021
0.020690917968750 3500006
0.020935058593750 3499987
0.020935058593750 3499984
0.020751953125000 3500030
0.020874023437500 3499983
0.042297363281250 3500003
0.000000000000000 3499993
0.041564941406250 3500019
0.020996093750000 3499989
0.021362304687500 3499992
0.020690917968750 3500020
0.020935058593750 3499976
0.021057128906250 3499996
0.020507812500000 3500028
0.020935058593750 3499990
0.022583007812500 3500007
0.019897460937500 3499998
0.021057128906250 3499971
0.020263671875000 3500006
0.020568847656250 3499991
0.020507812500000 3500025
0.020507812500000 3500012
0.020568847656250 3499982
0.021057128906250 3500007
0.021484375000000 3499994
0.021850585937500 3499983
0.041320800781250 3500006
0.020812988281250 3500003
0.020507812500000 3500020
0.020080566406250 3499999
0.020751953125000 3499993
0.020263671875000 3499960
0.021362304687500 3500041
0.021606445312500 3499988
0.022094726562500 3500018
0.020690917968750 3499975
0.021789550781250 3499993
0.022338867187500 3499998
0.024414062500000 3500015
0.019775390625000 3499994
0.021484375000000 3499997
0.020385742187500 3500002
0.020568847656250 3499989
0.020141601562500 3500018
0.041015625000000 3499964
0.020507812500000 3500022
0.020385742187500 3500009
0.020263671875000 3499998
0.020812988281250 3499959
0.020263671875000 3500028
0.020874023437500 3500011
0.020446777343750 3499988
0.022277832031250 3499969
0.019348144531250 3500041
0.020874023437500 3500006
0.021667480468750 3499976
0.022399902343750 3499983
0.021728515625000 3500048
0.022155761718750 3499978
0.020751953125000 3499987
0.020568847656250 3499979
0.020935058593750 3500055
0.020568847656250 3499985
0.020568847656250 3499966
0.040710449218750 3500045
0.020385742187500 3499974
0.022216796875000 3500016
0.018676757812500 3499963
0.020874023437500 3500018
0.020629882812500 3500002
0.020935058593750 3500025
0.021179199218750 3499998
0.020996093750000 3500009
0.020751953125000 3499964
0.020690917968750 3500006
0.021301269531250 3500026
0.020385742187500 3499990
0.020690917968750 3499995
0.022155761718750 3500005
0.018676757812500 3499999
0.020568847656250 3500001
0.021118164062500 3499989
0.020629882812500 3499992
0.020751953125000 3499994
0.042053222656250 3499997
0.020812988281250 3500024
0.021057128906250 3499972
0.020812988281250 3500010
0.020568847656250 3499990
0.020751953125000 3500026
0.020751953125000 3500004
0.022460937500000 3500006
0.019653320312500 3499979
0.020996093750000 3499983
0.020568847656250 3500029
0.020751953125000 3499998
0.021728515625000 3499973
0.020996093750000 3500027
0.020812988281250 3500003
0.020446777343750 3499962
0.021057128906250 3500020
0.021301269531250 3499991
0.020385742187500 3500023
0.020629882812500 3500002
0.042541503906250 3499967
0.020996093750000 3500016
0.020690917968750 3499973
0.023437500000000 3500010
0.019531250000000 3500014
0.022338867187500 3499995
0.022766113281250 3499965
0.022094726562500 3500024
0.022338867187500 3500008
0.021911621093750 3499999
0.021911621093750 3499956
0.022338867187500 3500041
0.022155761718750 3499975
0.023071289062500 3500004
0.021362304687500 3500026
0.022033691406250 3500012
0.020935058593750 3499971
0.020263671875000 3500020
0.020629882812500 3499991
0.020324707031250 3500005
0.041198730468750 3499982
0.021362304687500 3500017
0.023254394531250 3499986
0.020202636718750 3499994
0.022033691406250 3499981
0.021911621093750 3500042
0.023986816406250 3499984
0.018493652343750 3500005
0.020507812500000 3500010
0.020874023437500 3500005
0.021484375000000 3499982
0.019714355468750 3500003
0.020263671875000 3500015
0.021850585937500 3499996
0.019226074218750 3500001
0.020996093750000 3499986
0.020874023437500 3500000
0.020507812500000 3499992
0.020996093750000 3499992
0.023071289062500 3500015
0.042358398437500 3499999
0.021179199218750 3500002
0.021789550781250 3500008
0.022033691406250 3499979
0.024108886718750 3500017
0.020446777343750 3499976
0.020812988281250 3500020
0.020812988281250 3500001
0.020996093750000 3499998
0.021057128906250 3499991
0.021240234375000 3499995
0.020751953125000 3500007
0.020568847656250 3499977
0.020629882812500 3500019
0.021301269531250 3500022
0.020812988281250 3499976
0.020751953125000 3500008
0.022521972656250 3499980
0.019653320312500 3500011
0.020812988281250 3500015
0.041809082031250 3499987
0.020629882812500 3500004
0.020812988281250 3499984
0.020812988281250 3500010
0.020385742187500 3499996
0.020935058593750 3499988
0.021301269531250 3500014
0.021972656250000 3500001
0.022155761718750 3500012
0.022155761718750 3499979
0.022399902343750 3500005
0.022338867187500 3500012
0.024353027343750 3499994
0.019226074218750 3500001
0.021362304687500 3500001
0.020812988281250 3499982
0.020385742187500 3500017
0.020568847656250 3500008
0.020996093750000 3499983
0.020629882812500 3500002
0.042358398437500 3500001
0.022338867187500 3499987
0.022094726562500 3500008
0.022216796875000 3499989
0.020812988281250 3500010
0.021240234375000 3500011
0.020996093750000 3500008
0.021057128906250 3499972
0.021972656250000 3500003
0.022399902343750 3499997
0.022399902343750 3500011
0.022216796875000 3499995
0.021972656250000 3500006
0.022460937500000 3500003
0.019653320312500 3499978
0.020629882812500 3499988
0.021545410156250 3500042
0.020202636718750 3500010
0.020996093750000 3499988
0.020812988281250 3499984
0.041931152343750 3499987
0.020507812500000 3500001
0.020507812500000 3499994
0.020874023437500 3500000
0.020446777343750 3499984
0.020507812500000 3500016
0.020324707031250 3500001
0.020507812500000 3500005
0.020507812500000 3500008
0.020507812500000 3499984
0.020507812500000 3500012
0.020568847656250 3499996
0.020324707031250 3500004
0.020324707031250 3500000
0.020812988281250 3500005
0.020019531250000 3500016
0.020812988281250 3499981
0.020568847656250 3499978
0.019958496093750 3500025
0.020935058593750 3500002
0.020812988281250 3499987
0.040771484375000 3499987
0.020812988281250 3500023
0.020446777343750 3499976
0.020324707031250 3499999
0.021057128906250 3500004
0.020812988281250 3500019
0.020263671875000 3499981
0.020812988281250 3500005
0.021118164062500 3500004
0.023742675781250 3499987
0.020080566406250 3500006
0.022583007812500 3499990
0.021667480468750 3500007
0.020812988281250 3499998
0.020874023437500 3500009
0.021911621093750 3499995
0.019409179687500 3500004
0.020812988281250 3499989
0.041870117187500 3500039
0.020812988281250 3499971
0.021301269531250 3499990
0.020874023437500 3499998
0.022399902343750 3499990
0.019042968750000 3500005
0.020385742187500 3500021
0.020996093750000 3499988
0.020996093750000 3500018
0.020629882812500 3500000
0.020507812500000 3499981
0.020202636718750 3499991
0.020385742187500 3500013
0.020568847656250 3499983
0.022766113281250 3500009
0.018432617187500 3499995
0.020751953125000 3500008
0.020751953125000 3500000
0.021057128906250 3499995
0.020874023437500 3500011
0.042480468750000 3499988
0.022033691406250 3500026
0.022399902343750 3499964
0.022216796875000 3500031
0.021789550781250 3499977
0.022216796875000 3499981
0.022338867187500 3499968
0.022644042968750 3500061
0.023071289062500 3500006
0.022277832031250 3500006
0.020812988281250 3499992
0.020935058593750 3499998
0.021667480468750 3499989
0.021423339843750 3500001
0.020812988281250 3500017
0.020996093750000 3499984
0.021606445312500 3499988
0.021911621093750 3500002
0.022399902343750 3500024
0.022216796875000 3499969
0.042785644531250 3500020
0.020751953125000 3500000
0.020751953125000 3500009
0.020568847656250 3499967
0.020324707031250 3500035
0.022338867187500 3499994
0.018920898437500 3499976
0.020751953125000 3500025
0.020568847656250 3500003
0.020935058593750 3499988
0.020690917968750 3499996
0.020507812500000 3499980
0.020690917968750 3500022
0.020568847656250 3500006
0.020507812500000 3499991
0.020446777343750 3499983
0.020812988281250 3500003
0.022827148437500 3500017
0.025329589843750 3499988
0.020019531250000 3500007
0.042114257812500 3500004
0.020507812500000 3500010
0.020324707031250 3499964
0.021179199218750 3500012
0.020446777343750 3499991
0.020263671875000 3500001
0.022338867187500 3499998
0.018737792968750 3500029
0.020629882812500 3499986
0.020690917968750 3499971
0.020935058593750 3500037
0.020751953125000 3499983
0.021667480468750 3500015
0.019714355468750 3499979
0.020751953125000 3500000
0.020263671875000 3499986
0.020263671875000 3500043
0.020507812500000 3499962
0.022460937500000 3500027
0.018676757812500 3499973
0.042053222656250 3500020
0.020935058593750 3499998
0.020324707031250 3499974
0.020385742187500 3500017
0.020507812500000 3499997
0.020385742187500 3500022
0.020812988281250 3499997
0.020507812500000 3499972
0.021911621093750 3499991
0.018676757812500 3500034
0.021972656250000 3499992
0.023864746093750 3499991
0.019348144531250 3499975
0.021606445312500 3500022
0.020812988281250 3500007
0.022583007812500 3499982
0.018920898437500 3500001
0.020690917968750 3500005
0.020568847656250 3499997
0.020385742187500 3500027
0.041198730468750 3499954
0.020324707031250 3500035
0.020629882812500 3500001
0.020141601562500 3499983
0.022155761718750 3499996
0.023010253906250 3500010
0.021728515625000 3499985
0.021301269531250 3499983
0.021728515625000 3500017
0.022521972656250 3500016
0.019897460937500 3499983
0.020629882812500 3500012
0.020629882812500 3499987
0.020629882812500 3500006
0.020019531250000 3499992
0.020568847656250 3500016
0.020568847656250 3499989
0.020568847656250 3500008
0.020568847656250 3499979
0.020507812500000 3500023
0.020507812500000 3499986
0.041137695312500 3500014
0.020446777343750 3499996
0.022827148437500 3499995
0.019897460937500 3500001
0.021972656250000 3499992
0.021911621093750 3499982
0.021423339843750 3500008
0.022399902343750 3500006
0.018188476562500 3500030
0.020812988281250 3499959
0.022033691406250 3500012
0.018676757812500 3500029
0.020996093750000 3499982
0.020202636718750 3499994
0.020324707031250 3499995
0.020324707031250 3500011
0.020690917968750 3500009
0.020263671875000 3499978
0.020507812500000 3499998
0.041076660156250 3500000
0.020324707031250 3500001
0.020263671875000 3500004
0.020507812500000 3500028
0.020812988281250 3499989
0.020690917968750 3499989
0.020568847656250 3499997
0.019958496093750 3500019
0.020507812500000 3499986
0.020629882812500 3499994
0.021362304687500 3499976
0.019714355468750 3500010
0.020263671875000 3499997
0.020507812500000 3500008
0.020507812500000 3500005
0.020568847656250 3500013
0.020507812500000 3499981
0.020263671875000 3499984
0.020324707031250 3500033
0.041076660156250 3499992
0.020812988281250 3500001
0.020507812500000 3499983
0.020019531250000 3500014
0.021057128906250 3499969
0.021362304687500 3500019
0.021301269531250 3499991
0.020874023437500 3500010
0.020812988281250 3500013
0.021362304687500 3499977
0.020812988281250 3500022
0.020874023437500 3499995
0.020507812500000 3499987
0.020812988281250 3500002
0.021240234375000 3500008
0.021911621093750 3499982
0.021911621093750 3500006
0.022216796875000 3499988
0.021850585937500 3500009
0.021911621093750 3499992
0.021789550781250 3500017
0.044189453125000 3499999
0.021240234375000 3500009
0.020568847656250 3499996
0.020690917968750 3499978
0.020507812500000 3500020
0.020568847656250 3499989
0.021057128906250 3500004
0.020446777343750 3500015
0.020996093750000 3499963
0.021240234375000 3500018
0.020568847656250 3499991
0.020568847656250 3500018
0.021545410156250 3499972
0.021667480468750 3500010
0.022094726562500 3500003
0.021911621093750 3499995
0.020996093750000 3500001
0.020446777343750 3500007
0.022644042968750 3500008
0.018188476562500 3499986
0.040893554687500 3500003
0.020690917968750 3500004
0.020263671875000 3499989
0.020690917968750 3500001
0.020202636718750 3499997
0.020507812500000 3500003
0.020690917968750 3499982
0.023132324218750 3500008
0.018188476562500 3500003
0.022033691406250 3500002
0.019165039062500 3500017
0.020324707031250 3500007
0.020507812500000 3499998
0.020568847656250 3500000
0.020629882812500 3499984
0.020263671875000 3499996
0.020507812500000 3500006
0.022033691406250 3499987
0.018676757812500 3500010
0.020751953125000 3500004
0.040527343750000 3499997
0.020507812500000 3499983
0.020996093750000 3500016
0.022216796875000 3499997
0.019348144531250 3500001
0.020568847656250 3500008
0.020812988281250 3499978
0.020568847656250 3500008
0.020507812500000 3500018
0.020507812500000 3499977
0.021545410156250 3499991
0.019226074218750 3500001
0.020568847656250 3500030
0.020874023437500 3499989
0.021789550781250 3499981
0.021972656250000 3499990
0.022583007812500 3500020
0.021545410156250 3499978
0.021118164062500 3500014
0.020446777343750 3500007
0.041992187500000 3499993
0.020996093750000 3499980
0.020751953125000 3500012
0.020935058593750 3500012
0.020568847656250 3499995
0.021606445312500 3500006
0.022216796875000 3499993
0.022155761718750 3500028
0.021850585937500 3499975
0.020935058593750 3500003
0.020507812500000 3499988
0.020568847656250 3500015
0.020751953125000 3499980
0.021789550781250 3500018
0.023254394531250 3499992
0.022827148437500 3500004
0.023681640625000 3500010
0.022094726562500 3499975
0.020874023437500 3499999
0.020324707031250 3500000
0.043151855468750 3500014
0.022338867187500 3499991
0.021057128906250 3499999
0.020874023437500 3499981
0.021850585937500 3500007
0.022583007812500 3500030
0.023864746093750 3499982
0.020751953125000 3499981
0.021606445312500 3500024
0.020568847656250 3500012
0.020996093750000 3500006
0.020385742187500 3499966
0.020507812500000 3500036
0.021179199218750 3499994
0.020324707031250 3499973
0.022827148437500 3500004
0.018676757812500 3499992
0.020690917968750 3500019
0.020385742187500 3499985
0.021179199218750 3499991
0.041198730468750 3500022
0.020812988281250 3500000
0.020202636718750 3499988
0.022705078125000 3499997
0.018676757812500 3500008
0.020019531250000 3500007
0.020874023437500 3499992
0.020263671875000 3500000
0.020263671875000 3499994
0.020812988281250 3500000
0.020568847656250 3499991
0.020385742187500 3499996
0.020751953125000 3500019
0.020507812500000 3499979
0.021606445312500 3499998
0.019165039062500 3500037
0.020385742187500 3499969
0.020568847656250 3500022
0.020751953125000 3499983
0.020568847656250 3500004
0.041503906250000 3500001
0.020568847656250 3500000
0.020629882812500 3499986
0.020324707031250 3500002
0.020507812500000 3500009
0.020690917968750 3499999
0.020202636718750 3500016
0.021850585937500 3499990
0.019165039062500 3499997
0.020568847656250 3499995
0.020507812500000 3500003
0.020263671875000 3500017
0.020263671875000 3499963
0.020507812500000 3499998
0.020507812500000 3500012
0.021911621093750 3500006
0.019226074218750 3499994
0.020263671875000 3499993
0.021362304687500 3500014
0.039916992187500 3499992
0.020812988281250 3500000
0.020324707031250 3500022
0.020446777343750 3499988
0.020690917968750 3499990
0.020629882812500 3500006
0.020507812500000 3499992
0.020568847656250 3500014
0.020629882812500 3499997
0.021179199218750 3499980
0.021667480468750 3500014
0.021850585937500 3499994
0.021911621093750 3500013
0.021911621093750 3499982
0.023376464843750 3500007
0.018798828125000 3499987
0.020446777343750 3499993
0.021179199218750 3500022
0.021667480468750 3499988
0.021911621093750 3500012
0.043701171875000 3499999
0.020507812500000 3499992
0.020263671875000 3499982
0.020507812500000 3500026
0.020507812500000 3499992
0.020507812500000 3499991
0.020507812500000 3500026
0.020935058593750 3499966
0.021362304687500 3500023
0.021911621093750 3499973
0.021057128906250 3500033
0.020629882812500 3499974
0.020507812500000 3500004
0.021850585937500 3500011
0.019165039062500 3499985
0.020568847656250 3500002
0.020446777343750 3499991
0.020324707031250 3500014
0.020568847656250 3500006
0.020568847656250 3499995
0.042053222656250 3499991
0.021789550781250 3500001
0.021850585937500 3499985
0.021545410156250 3500019
0.024719238281250 3499978
0.021118164062500 3499995
0.023254394531250 3500023
0.022399902343750 3500004
0.021118164062500 3499998
0.021606445312500 3499983
0.022094726562500 3499996
0.021789550781250 3500012
0.021850585937500 3500006
0.021667480468750 3499987
0.020690917968750 3500023
0.020385742187500 3499990
0.020446777343750 3500008
0.020812988281250 3499966
0.020446777343750 3500014
0.020446777343750 3499999
0.041076660156250 3500011
0.020507812500000 3500001
0.020507812500000 3500004
0.020690917968750 3499998
0.020202636718750 3500009
0.021972656250000 3499995
0.019165039062500 3499977
0.020324707031250 3499985
0.020507812500000 3500029
0.020263671875000 3499985
0.020568847656250 3500001
0.020324707031250 3500021
0.020812988281250 3499994
0.020202636718750 3499995
0.022521972656250 3499979
0.018676757812500 3500021
0.020568847656250 3499991
0.020385742187500 3499986
0.020385742187500 3500024
0.020690917968750 3500007
0.040832519531250 3499989
0.020385742187500 3500001
0.020507812500000 3499980
0.021301269531250 3500004
0.021667480468750 3500000
0.021850585937500 3499993
0.021484375000000 3500007
0.022399902343750 3499986
0.020385742187500 3500034
0.021972656250000 3499979
0.021911621093750 3500031
0.021667480468750 3499987
0.019348144531250 3499997
0.020629882812500 3499967
0.020568847656250 3500036
0.020446777343750 3500000
0.020568847656250 3499992
0.021545410156250 3499992
0.022949218750000 3500015
0.023254394531250 3499975
0.044982910156250 3499995
0.020751953125000 3500002
0.020263671875000 3499998
0.020996093750000 3499989
0.020751953125000 3500027
0.021362304687500 3499997
0.022094726562500 3499991
0.020568847656250 3500002
0.021362304687500 3499997
0.020629882812500 3499987
0.021240234375000 3500001
0.020812988281250 3500018
0.021057128906250 3500000
0.020812988281250 3499988
0.020812988281250 3500011
0.020996093750000 3499999
0.021606445312500 3499997
0.020202636718750 3500005
0.021057128906250 3499965
0.020996093750000 3500017
0.041870117187500 3500028
0.020812988281250 3499997
0.023193359375000 3500005
0.018615722656250 3499977
0.021301269531250 3499987
0.021057128906250 3500028
0.020751953125000 3499971
0.020568847656250 3500013
0.020751953125000 3499997
0.020690917968750 3500021
0.020812988281250 3499980
0.021057128906250 3500008
0.020812988281250 3499980
0.021057128906250 3499998
0.020874023437500 3500014
0.020629882812500 3499988
0.021057128906250 3500007
0.020385742187500 3499983
0.020812988281250 3500018
0.020568847656250 3500014
0.041564941406250 3499998
0.020507812500000 3500007
0.020996093750000 3499973
0.021667480468750 3499985
0.019226074218750 3500029
0.020263671875000 3499998
0.022155761718750 3499989
0.018676757812500 3500002
0.020568847656250 3499992
0.020507812500000 3500022
0.020385742187500 3499977
0.020629882812500 3500004
0.020568847656250 3500004
0.020874023437500 3500014
0.020446777343750 3499991
0.020446777343750 3500008
0.020629882812500 3499967
0.020751953125000 3500006
0.020935058593750 3499998
0.020568847656250 3500022
0.041931152343750 3499984
0.020812988281250 3499991
0.022949218750000 3499996
0.018920898437500 3500002
0.020996093750000 3500018
0.020996093750000 3500001
0.022399902343750 3500002
0.019104003906250 3500002
0.021301269531250 3499988
0.020935058593750 3500005
0.020996093750000 3500004
0.020996093750000 3499989
0.020568847656250 3499981
0.021423339843750 3500018
0.022094726562500 3500018
0.022094726562500 3499968
0.021911621093750 3500019
0.021545410156250 3499972
0.021179199218750 3500024
0.020568847656250 3499973
0.041137695312500 3500006
0.021179199218750 3500010
0.020812988281250 3499985
0.021301269531250 3500034
0.022155761718750 3499968
0.021850585937500 3500043
0.021301269531250 3499998
0.021179199218750 3499970
0.020507812500000 3500002
0.020507812500000 3500002
0.020324707031250 3500021
0.022094726562500 3499991
0.018676757812500 3499978
0.020812988281250 3500017
0.020324707031250 3500008
0.020507812500000 3499986
0.020751953125000 3499966
0.021423339843750 3500043
0.020751953125000 3500008
0.041503906250000 3499969
0.021728515625000 3500001
0.022277832031250 3500021
0.021972656250000 3499990
0.022460937500000 3499985
0.021362304687500 3500007
0.020202636718750 3499998
0.020935058593750 3500004
0.020263671875000 3500003
0.020324707031250 3500003
0.020507812500000 3499984
0.021240234375000 3500002
0.022216796875000 3500004
0.020629882812500 3500006
0.020874023437500 3499993
0.021728515625000 3499997
0.021667480468750 3500012
0.021667480468750 3500013
0.021850585937500 3499983
0.022216796875000 3499994
0.043273925781250 3500018
0.021423339843750 3499998
0.021484375000000 3499994
0.019714355468750 3499988
0.020568847656250 3500007
0.020935058593750 3500012
0.020568847656250 3499965
0.020019531250000 3500005
0.020812988281250 3499998
0.020263671875000 3500028
0.020385742187500 3499967
0.020385742187500 3500018
0.020812988281250 3500017
0.020324707031250 3499993
0.020263671875000 3499997
0.020690917968750 3499992
0.020202636718750 3499983
0.020812988281250 3499998
0.020324707031250 3500024
0.020446777343750 3499987
0.041259765625000 3500022
0.020263671875000 3499980
0.020568847656250 3499987
0.020568847656250 3500034
0.020690917968750 3499970
0.020568847656250 3500010
0.020568847656250 3499988
0.022094726562500 3500001
0.021667480468750 3500004
0.021728515625000 3499997
0.021240234375000 3500005
0.020507812500000 3499993
0.020507812500000 3500023
0.020629882812500 3499982
0.020446777343750 3499982
0.020751953125000 3500012
0.020507812500000 3500007
0.020263671875000 3499991
0.020690917968750 3499994
0.020812988281250 3500014
0.041625976562500 3500002
0.021667480468750 3499987
0.021911621093750 3500010
0.021972656250000 3499989
0.022155761718750 3499990
0.020874023437500 3500032
0.021972656250000 3499973
0.019226074218750 3500006
0.020690917968750 3499995
0.021484375000000 3500005
0.020019531250000 3500024
0.020629882812500 3499967
0.021972656250000 3500014
0.020019531250000 3499987
0.021484375000000 3500022
0.020812988281250 3500003
0.021240234375000 3499957
0.020324707031250 3500034
0.020324707031250 3499997
0.022460937500000 3499978
0.039001464843750 3500014
0.020690917968750 3500011
0.021057128906250 3499993
0.020507812500000 3499986
0.020568847656250 3500016
0.020324707031250 3499999
0.020629882812500 3499989
0.020751953125000 3499993
0.020629882812500 3500025
0.020507812500000 3499972
0.020263671875000 3500004
0.020812988281250 3499990
0.020507812500000 3500023
0.020141601562500 3500010
0.020812988281250 3499980
0.020324707031250 3500009
0.020568847656250 3500005
0.020507812500000 3499973
0.022277832031250 3500011
0.018737792968750 3500017
0.040954589843750 3499999
0.020690917968750 3499994
0.020202636718750 3499969
0.020568847656250 3500029
0.020568847656250 3500006
0.020263671875000 3500009
0.020568847656250 3499960
0.022644042968750 3500005
0.018188476562500 3500025
0.020812988281250 3499964
0.020324707031250 3500019
0.020263671875000 3499987
0.020812988281250 3500012
0.020263671875000 3500017
0.020751953125000 3499965
0.020629882812500 3500010
0.020751953125000 3500015
0.020385742187500 3499997
0.020324707031250 3499984
0.021118164062500 3500031
0.041015625000000 3499960
0.021484375000000 3500002
0.020812988281250 3500018
0.020751953125000 3499996
0.020385742187500 3499992
0.020385742187500 3500019
0.020507812500000 3499987
0.020507812500000 3499994
0.020385742187500 3499995
0.020263671875000 3500016
0.021118164062500 3499993
0.022094726562500 3500004
0.018737792968750 3499995
0.020629882812500 3499981
0.022827148437500 3500010
0.023010253906250 3499990
0.023437500000000 3500008
0.024841308593750 3500012
0.020080566406250 3500011
0.020751953125000 3499976
0.041503906250000 3499984
0.021972656250000 3500017
0.022460937500000 3500023
0.021789550781250 3500006
0.023254394531250 3499961
0.021240234375000 3500028
0.020324707031250 3500002
0.020446777343750 3500014
0.020507812500000 3499972
0.020385742187500 3499986
0.020812988281250 3499998
0.020385742187500 3500005
0.020263671875000 3500003
0.020507812500000 3500022
0.020629882812500 3499979
0.020263671875000 3500005
0.020446777343750 3499990
0.020385742187500 3500000
0.020507812500000 3500000
0.020568847656250 3499991
0.040649414062500 3500029
0.020385742187500 3499989
0.020690917968750 3500006
0.020324707031250 3499994
0.020507812500000 3499997
0.020568847656250 3500011
0.021850585937500 3499980
0.019287109375000 3500006
0.023254394531250 3499974
0.019042968750000 3500013
0.020690917968750 3500007
0.020385742187500 3500005
0.020324707031250 3499993
0.020690917968750 3500012
0.021362304687500 3499989
0.021667480468750 3500009
0.021606445312500 3500014
0.020812988281250 3499990
0.020202636718750 3499985
0.021423339843750 3500015
0.040405273437500 3500005
0.020324707031250 3499978
0.020507812500000 3499994
0.020385742187500 3500007
0.020568847656250 3500006
0.020507812500000 3500005
0.021362304687500 3499976
0.019165039062500 3500008
0.020812988281250 3499997
0.020324707031250 3500006
0.020263671875000 3499992
0.020507812500000 3500022
0.020568847656250 3499999
0.020263671875000 3499975
0.020812988281250 3500002
0.020263671875000 3499999
0.020690917968750 3500003
0.021606445312500 3499988
0.019226074218750 3500036
0.020202636718750 3499987
0.041076660156250 3499997
0.020507812500000 3499976
0.022033691406250 3500027
0.021484375000000 3500009
0.022583007812500 3499994
0.024230957031250 3499970
0.019470214843750 3500017
0.020507812500000 3500013
0.020507812500000 3500002
0.020019531250000 3499976
0.020568847656250 3500014
0.020568847656250 3499998
0.020263671875000 3499991
0.021545410156250 3499989
0.020446777343750 3500016
0.020385742187500 3499993
0.020507812500000 3499993
0.020446777343750 3500002
0.020996093750000 3499999
0.020507812500000 3500015
0.040710449218750 3499994
0.020690917968750 3499936
0.021362304687500 3500026
0.022216796875000 3500031
0.021057128906250 3500002
0.020568847656250 3499992
0.020507812500000 3500012
0.020507812500000 3499997
0.020507812500000 3499996
0.020385742187500 3499988
0.020385742187500 3500036
0.020263671875000 3499985
0.020874023437500 3499982
0.020263671875000 3500021
0.020324707031250 3499998
0.020690917968750 3499983
0.020202636718750 3500014
0.021972656250000 3500000
0.019165039062500 3500009
0.040771484375000 3499985
0.020507812500000 3499998
0.020507812500000 3500008
0.020385742187500 3499995
0.020385742187500 3500001
0.020507812500000 3500005
0.020568847656250 3500003
0.021667480468750 3499994
0.019409179687500 3499941
0.021911621093750 3500060
0.022949218750000 3499992
0.020996093750000 3499983
0.021606445312500 3499989
0.020629882812500 3500021
0.020324707031250 3500015
0.020202636718750 3499993
0.020812988281250 3499972
0.020202636718750 3500029
0.020568847656250 3500006
0.020507812500000 3499989
0.020324707031250 3499973
0.040893554687500 3500029
0.020812988281250 3499998
0.020019531250000 3499988
0.020507812500000 3499981
0.020812988281250 3500032
0.021362304687500 3499970
0.019592285156250 3500006
0.021911621093750 3500010
0.021667480468750 3500022
0.022216796875000 3499978
0.021240234375000 3499998
0.020446777343750 3500020
0.020385742187500 3499966
0.020507812500000 3499997
0.020507812500000 3500025
0.020263671875000 3500004
0.020812988281250 3499933
0.022338867187500 3500050
0.018127441406250 3499993
0.041015625000000 3500026
0.021240234375000 3499940
0.019897460937500 3500038
0.020507812500000 3500023
0.020507812500000 3499996
0.020507812500000 3499955
0.020446777343750 3500018
0.020690917968750 3499997
0.020874023437500 3500022
0.020874023437500 3499972
0.020812988281250 3500008
0.022094726562500 3500015
0.021667480468750 3500003
0.021667480468750 3499977
0.021850585937500 3500013
0.020629882812500 3500020
0.020019531250000 3499993
0.020507812500000 3499988
0.020690917968750 3499998
0.020202636718750 3499991
0.041320800781250 3499972
0.020324707031250 3500039
0.020629882812500 3499962
0.020446777343750 3500036
0.020690917968750 3499999
0.020690917968750 3499996
0.020324707031250 3499991
0.020324707031250 3500018
0.020629882812500 3499989
0.020812988281250 3499979
0.020019531250000 3500012
0.020812988281250 3500008
0.020446777343750 3500004
0.020812988281250 3499987
0.020324707031250 3500019
0.021789550781250 3499998
0.019226074218750 3499998
0.020263671875000 3499991
0.020568847656250 3499985
0.020507812500000 3500009
0.041259765625000 3499990
0.020690917968750 3500009
0.020385742187500 3499987
0.020690917968750 3500028
0.022766113281250 3499993
0.019897460937500 3499991
0.021911621093750 3500002
0.022460937500000 3499995
0.023559570312500 3500010
0.022766113281250 3499995
0.022338867187500 3499991
0.022033691406250 3499993
0.023376464843750 3500019
0.019104003906250 3500013
0.020629882812500 3499993
0.020629882812500 3499971
0.020385742187500 3500023
0.020385742187500 3499999
0.020568847656250 3499984
0.020629882812500 3499996
0.041381835937500 3500006
0.020263671875000 3499992
0.020812988281250 3500008
0.020690917968750 3500001
0.020568847656250 3500001
0.022827148437500 3500014
0.018188476562500 3499969
0.020874023437500 3500011
0.020324707031250 3499997
0.020690917968750 3500025
0.020202636718750 3499987
0.020690917968750 3500019
0.020324707031250 3499974
0.020690917968750 3500010
0.020874023437500 3499973
0.020629882812500 3499985
0.021850585937500 3500041
0.019592285156250 3500010
0.020751953125000 3499970
0.021484375000000 3499982
0.044311523437500 3500005
0.023681640625000 3500012
0.024414062500000 3500003
0.020080566406250 3499990
0.020996093750000 3500001
0.020507812500000 3500015
0.021789550781250 3499996
0.021240234375000 3500015
0.020568847656250 3499976
0.022216796875000 3499998
0.018676757812500 3499990
0.020690917968750 3500042
0.020446777343750 3499999
0.020202636718750 3499970
0.021545410156250 3500021
0.021789550781250 3500000
0.021606445312500 3499978
0.022094726562500 3500010
0.022094726562500 3499980
0.021728515625000 3500008
0.043762207031250 3499989
0.022216796875000 3500019
0.021789550781250 3500005
0.021972656250000 3499983
0.021667480468750 3499980
0.021911621093750 3500029
0.021118164062500 3500013
0.021789550781250 3499996
0.019714355468750 3499987
0.020935058593750 3500017
0.020507812500000 3499995
0.020568847656250 3499971
0.022399902343750 3500014
0.018127441406250 3499990
0.020507812500000 3500018
0.022521972656250 3499977
0.018676757812500 3499997
0.020202636718750 3500009
0.020385742187500 3500014
0.020507812500000 3500004
0.040893554687500 3499975
0.020812988281250 3500018
0.020324707031250 3499994
0.020324707031250 3500000
0.020812988281250 3500003
0.020385742187500 3500000
0.021545410156250 3499960
0.019226074218750 3500025
0.020324707031250 3500016
0.021484375000000 3500005
0.019714355468750 3499983
0.020263671875000 3500001
0.020507812500000 3499994
0.020751953125000 3499983
0.020812988281250 3500030
0.020874023437500 3499986
0.020629882812500 3499996
0.020812988281250 3500000
0.021118164062500 3500017
0.020812988281250 3499990
0.041931152343750 3499984
0.020568847656250 3500040
0.020629882812500 3499990
0.020812988281250 3499981
0.020263671875000 3500023
0.020324707031250 3499995
0.020568847656250 3499986
0.020507812500000 3500015
0.020874023437500 3499999
0.021728515625000 3499997
0.019165039062500 3499984
0.020507812500000 3499981
0.020263671875000 3500005
0.020263671875000 3500005
0.020874023437500 3499989
0.021850585937500 3500018
0.018676757812500 3500014
0.020812988281250 3499973
0.021911621093750 3500012
0.018676757812500 3499969
0.020996093750000 3500014
0.040832519531250 3499993
0.020690917968750 3500038
0.020446777343750 3499980
0.020874023437500 3499997
0.020324707031250 3499995
0.021362304687500 3499994
0.022521972656250 3500018
0.018188476562500 3499996
0.020812988281250 3499991
0.021362304687500 3500000
0.021911621093750 3500014
0.021667480468750 3499978
0.021911621093750 3500014
0.021057128906250 3500013
0.020935058593750 3499999
0.020324707031250 3499982
0.020690917968750 3500000
0.020080566406250 3499999
0.041015625000000 3499942
0.021057128906250 3500016
0.021728515625000 3500041
0.020935058593750 3500015
0.020507812500000 3499986
0.020324707031250 3499991
0.020324707031250 3500033
0.020874023437500 3499992
0.020324707031250 3500008
0.020263671875000 3499981
0.020690917968750 3499990
0.020202636718750 3499997
0.020812988281250 3500002
0.020324707031250 3499973
0.020629882812500 3500019
0.020324707031250 3500028
0.020507812500000 3499982
0.020324707031250 3499981
0.020507812500000 3500017
0.020874023437500 3500003
0.020446777343750 3499981
0.040954589843750 3499993
0.020385742187500 3500012
0.020568847656250 3500017
0.020507812500000 3499994
0.020996093750000 3499995
0.021667480468750 3499990
0.021789550781250 3500003
0.020324707031250 3500008
0.021423339843750 3499980
0.021911621093750 3500019
0.021911621093750 3499984
0.021667480468750 3499999
0.020812988281250 3500009
0.020507812500000 3500010
0.020507812500000 3500005
0.020507812500000 3499974
0.020324707031250 3500039
0.020812988281250 3499993
0.020202636718750 3499980
0.020568847656250 3499991
0.043457031250000 3500015
0.021911621093750 3499977
0.021728515625000 3499996
0.023010253906250 3500027
0.018188476562500 3499997
0.020507812500000 3500009
0.020751953125000 3499995
0.020446777343750 3499971
0.021911621093750 3500032
0.021911621093750 3499993
0.021606445312500 3499983
0.022033691406250 3500010
0.023010253906250 3500002
0.023132324218750 3499993
0.023315429687500 3499999
0.021606445312500 3500000
0.022521972656250 3499993
0.020080566406250 3500002
0.020202636718750 3500003
0.020935058593750 3500003
0.040832519531250 3500008
0.020385742187500 3499973
0.020324707031250 3500007
0.021972656250000 3500002
0.019287109375000 3500021
0.020263671875000 3499986
0.020324707031250 3499989
0.020568847656250 3500023
0.020935058593750 3499980
0.020263671875000 3500009
0.020568847656250 3500021
0.020385742187500 3499979
0.020690917968750 3500010
0.020751953125000 3499974
0.020690917968750 3500014
0.020507812500000 3499993
0.020263671875000 3500016
0.020690917968750 3499985
0.020568847656250 3499992
0.020446777343750 3500020
0.041198730468750 3499976
0.020507812500000 3500007
0.020324707031250 3500010
0.022644042968750 3500011
0.018127441406250 3499977
0.020812988281250 3500008
0.021911621093750 3499984
0.018676757812500 3500009
0.020507812500000 3500004
0.020202636718750 3499978
0.020812988281250 3500005
0.020263671875000 3499988
0.020507812500000 3500020
0.020507812500000 3499991
0.020263671875000 3500001
0.020935058593750 3500031
0.020202636718750 3499971
0.020324707031250 3500027
0.020324707031250 3500008
0.040832519531250 3499955
0.021850585937500 3499999
0.020568847656250 3500022
0.020507812500000 3500008
0.020751953125000 3499970
0.020324707031250 3500018
0.020507812500000 3499980
0.020507812500000 3499995
0.020507812500000 3500018
0.020385742187500 3499997
0.020324707031250 3499996
0.020263671875000 3499998
0.020629882812500 3500009
0.020690917968750 3499985
0.022338867187500 3500000
0.018676757812500 3499994
0.020324707031250 3500011
0.020690917968750 3499994
0.020568847656250 3500010
0.020507812500000 3499984
0.020385742187500 3500022
0.041442871093750 3499989
0.020507812500000 3500027
0.020812988281250 3499998
0.020324707031250 3499984
0.020324707031250 3499968
0.020385742187500 3500047
0.020629882812500 3499972
0.020751953125000 3499990
0.020568847656250 3500005
0.020446777343750 3500032
0.020568847656250 3499991
0.020324707031250 3500003
0.020812988281250 3499990
0.021850585937500 3500002
0.018676757812500 3499990
0.020812988281250 3499993
0.020690917968750 3500009
0.020324707031250 3499995
0.021545410156250 3500008
0.043273925781250 3499993
0.021118164062500 3499964
0.020874023437500 3500026
0.022888183593750 3499999
0.023742675781250 3500006
0.023010253906250 3500027
0.022827148437500 3499961
0.022399902343750 3500007
0.021606445312500 3500014
0.021850585937500 3500013
0.022094726562500 3499970
0.020690917968750 3499990
0.022644042968750 3500011
0.018432617187500 3500006
0.021301269531250 3499991
0.021789550781250 3500001
0.020690917968750 3500025
0.020751953125000 3499992
0.020874023437500 3499992
0.020690917968750 3499991
0.040954589843750 3500008
0.020751953125000 3499989
0.022277832031250 3500001
0.021911621093750 3500001
0.021728515625000 3500024
0.021972656250000 3499991
0.020751953125000 3500004
0.020751953125000 3499979
0.021362304687500 3500003
0.020935058593750 3500003
0.020690917968750 3500007
0.020996093750000 3499988
0.020568847656250 3499983
0.020996093750000 3500008
0.021667480468750 3499981
0.021972656250000 3500028
0.021667480468750 3499995
0.021789550781250 3500025
0.020690917968750 3499989
0.020812988281250 3500004
0.040710449218750 3499958
0.020507812500000 3500045
0.020446777343750 3499957
0.022460937500000 3500035
0.022583007812500 3500006
0.020996093750000 3499959
0.020568847656250 3500044
0.020751953125000 3499962
0.020507812500000 3500019
0.020263671875000 3499986
0.020202636718750 3500019
0.020935058593750 3500007
0.020507812500000 3500009
0.020263671875000 3499975
0.020324707031250 3500009
0.020690917968750 3499983
0.020507812500000 3500022
0.020263671875000 3499989
0.020263671875000 3500000
0.020812988281250 3499995
0.041015625000000 3499984
0.021850585937500 3500017
0.018676757812500 3499997
0.020812988281250 3499988
0.022216796875000 3500004
0.018676757812500 3500007
0.020874023437500 3499991
0.021423339843750 3499986
0.020690917968750 3500029
0.021057128906250 3499988
0.020263671875000 3500008
0.021179199218750 3499991
0.020935058593750 3500016
0.020507812500000 3499964
0.021362304687500 3500021
0.020690917968750 3499994
0.021362304687500 3500012
0.020812988281250 3500006
0.020751953125000 3499989
0.021179199218750 3499977
0.041625976562500 3500033
0.021057128906250 3499995
0.021057128906250 3499986
0.020812988281250 3499978
0.021301269531250 3500032
0.021057128906250 3500011
0.020507812500000 3499970
0.020935058593750 3500026
0.020996093750000 3500000
0.020874023437500 3499981
0.021301269531250 3500009
0.020812988281250 3499985
0.020812988281250 3499995
0.020935058593750 3499999
0.021362304687500 3500018
0.022399902343750 3499979
0.022155761718750 3500005
0.024047851562500 3500000
0.019714355468750 3499975
0.042663574218750 3500011
0.022399902343750 3500025
0.020996093750000 3499989
0.020751953125000 3500009
0.020751953125000 3499980
0.020812988281250 3500020
0.020935058593750 3499986
0.021728515625000 3499983
0.019287109375000 3500020
0.022399902343750 3499982
0.019653320312500 3500023
0.020568847656250 3500023
0.020629882812500 3499988
0.020568847656250 3499974
0.020507812500000 3500014
0.020507812500000 3499999
0.021362304687500 3500009
0.020385742187500 3499961
0.021911621093750 3500012
0.019226074218750 3500026
0.020812988281250 3499982
0.041748046875000 3499999
0.020629882812500 3499985
0.021179199218750 3500010
0.020812988281250 3499982
0.020996093750000 3500021
0.020568847656250 3499983
0.020141601562500 3500021
0.020568847656250 3500004
0.020874023437500 3499988
0.020874023437500 3500003
0.020874023437500 3499998
0.020996093750000 3499997
0.020996093750000 3499996
0.020812988281250 3500019
0.021057128906250 3499993
0.021057128906250 3500002
0.020812988281250 3499972
0.020812988281250 3500012
0.020996093750000 3500006
0.021057128906250 3499989
0.041992187500000 3500018
0.020690917968750 3500001
0.021362304687500 3500004
0.020996093750000 3499995
0.021972656250000 3500003
0.019653320312500 3499981
0.020996093750000 3500015
0.020935058593750 3499992
0.020812988281250 3500025
0.021240234375000 3499981
0.019958496093750 3499987
0.020690917968750 3500003
0.020751953125000 3499984
0.020996093750000 3500008
0.020568847656250 3500001
0.020935058593750 3500003
0.020629882812500 3500014
0.020385742187500 3499989
0.021911621093750 3499987
0.022399902343750 3500035
0.046752929687500 3499988
0.023071289062500 3499995
0.022766113281250 3499999
0.021789550781250 3500004
0.020690917968750 3499998
0.021118164062500 3499996
0.022399902343750 3499983
0.019958496093750 3500026
0.020324707031250 3499996
0.020690917968750 3499965
0.020263671875000 3500024
0.020263671875000 3499995
0.020812988281250 3499999
0.020446777343750 3500004
0.021484375000000 3500001
0.024963378906250 3500001
0.020385742187500 3500018
0.022033691406250 3499963
0.021362304687500 3500036
0.044616699218750 3499974
0.022155761718750 3499990
0.022399902343750 3500001
0.022094726562500 3500001
0.022155761718750 3500021
0.022460937500000 3499987
0.021179199218750 3500001
0.020507812500000 3500003
0.020935058593750 3499976
0.021484375000000 3500030
0.019165039062500 3499977
0.021057128906250 3500021
0.020446777343750 3499964
0.020507812500000 3500042
0.020690917968750 3499970
0.020507812500000 3500014
0.020690917968750 3499995
0.021850585937500 3500003
0.018676757812500 3500003
0.020812988281250 3500011
0.041381835937500 3499990
0.020996093750000 3499967
0.022460937500000 3500010
0.019897460937500 3499992
0.020874023437500 3500012
0.023132324218750 3499997
0.019470214843750 3500003
0.020874023437500 3499998
0.020690917968750 3500021
0.021057128906250 3499976
0.021362304687500 3500010
0.020751953125000 3500008
0.021667480468750 3499984
0.022338867187500 3499994
0.022399902343750 3499987
0.021972656250000 3500012
0.022705078125000 3500023
0.022155761718750 3499972
0.021179199218750 3500034
0.020690917968750 3499998
0.041870117187500 3499966
0.020751953125000 3500031
0.020690917968750 3499990
0.020874023437500 3499971
0.020568847656250 3500013
0.021545410156250 3500004
0.022277832031250 3499998
0.022338867187500 3500005
0.021545410156250 3500007
0.020874023437500 3499972
0.020935058593750 3500003
0.021057128906250 3500008
0.021301269531250 3499990
0.022827148437500 3500002
0.018615722656250 3499993
0.021057128906250 3500026
0.021057128906250 3499974
0.020874023437500 3500010
0.022094726562500 3500003
0.022094726562500 3499998
0.043151855468750 3500014
0.020446777343750 3500001
0.022521972656250 3499972
0.019775390625000 3500014
0.021545410156250 3499997
0.022766113281250 3500018
0.019042968750000 3499983
0.021850585937500 3499979
0.021789550781250 3500024
0.022399902343750 3500010
0.024780273437500 3499983
0.019836425781250 3499994
0.024597167968750 3500031
0.019897460937500 3500001
0.021911621093750 3499984
0.021240234375000 3499993
0.020446777343750 3500015
0.020874023437500 3499992
0.020507812500000 3499970
0.021362304687500 3500016
0.045349121093750 3500015
0.021484375000000 3499998
0.021789550781250 3499975
0.021057128906250 3500011
0.020263671875000 3499991
0.020507812500000 3499997
0.020446777343750 3500018
0.020812988281250 3499989
0.020263671875000 3499993
0.020385742187500 3500000
0.020996093750000 3500019
0.020812988281250 3500013
0.021606445312500 3499983
0.019226074218750 3500001
0.020507812500000 3499988
0.020507812500000 3500019
0.020263671875000 3499962
0.020507812500000 3500031
0.021545410156250 3499982
0.022827148437500 3500012
0.042297363281250 3499982
0.021362304687500 3500012
0.020568847656250 3500018
0.021789550781250 3499988
0.019226074218750 3499993
0.020446777343750 3500014
0.020324707031250 3500001
0.020507812500000 3499992
0.020507812500000 3499989
0.020507812500000 3499987
0.020385742187500 3500021
0.020263671875000 3499986
0.020690917968750 3499996
0.020324707031250 3500004
0.020629882812500 3500010
0.020568847656250 3500005
0.020385742187500 3499969
0.020263671875000 3500028
0.020568847656250 3500011
0.020507812500000 3499973
0.041625976562500 3500014
0.020996093750000 3500007
0.020507812500000 3499994
0.020812988281250 3499988
0.020751953125000 3499986
0.020874023437500 3500016
0.020507812500000 3499990
0.020446777343750 3499992
0.021484375000000 3500030
0.022094726562500 3499992
0.021850585937500 3500012
0.021667480468750 3499990
0.021057128906250 3499974
0.020996093750000 3500037
0.020507812500000 3499958
0.020507812500000 3500008
0.020507812500000 3500021
0.021179199218750 3499998
0.019714355468750 3499971
0.020507812500000 3500035
0.041137695312500 3499982
0.020629882812500 3500000
0.020324707031250 3499990
0.021606445312500 3500023
0.021667480468750 3500002
0.022644042968750 3499981
0.022094726562500 3500004
0.021118164062500 3499987
0.021667480468750 3500025
0.019775390625000 3499984
0.020324707031250 3499987
0.020507812500000 3500025
0.020263671875000 3500004
0.021911621093750 3499985
0.020324707031250 3499984
0.020935058593750 3500017
0.020324707031250 3500007
0.020935058593750 3499934
0.022644042968750 3500029
0.020019531250000 3500018
0.046997070312500 3500004
0.023254394531250 3500004
0.021362304687500 3500008
0.020874023437500 3499968
0.020446777343750 3500008
0.020935058593750 3500011
0.021972656250000 3499995
0.018859863281250 3499993
0.021667480468750 3500002
0.021789550781250 3500003
0.022705078125000 3499986
0.018676757812500 3500014
0.020568847656250 3500025
0.020568847656250 3499970
0.021484375000000 3499987
0.022216796875000 3500010
0.022460937500000 3500006
0.021789550781250 3499994
0.0249633789